,path,label,xmin,ymin,xmax,ymax
0,knife_500.jpg,knife,494,413,1699,1776
1,knife_499.jpg,knife,654,982,2023,2163
2,knife_498.jpg,knife,954,1052,2009,2431
3,knife_497.jpg,knife,516,480,1671,1855
4,knife_496.jpg,knife,721,242,1926,1605
5,knife_495.jpg,knife,702,539,1871,1910
6,knife_494.jpg,knife,342,645,1381,2024
7,knife_493.jpg,knife,270,1305,1637,2262
8,knife_492.jpg,knife,770,1324,2149,2363
9,knife_491.jpg,knife,185,1194,1562,2323
10,knife_490.jpg,knife,841,422,1528,1703
11,knife_489.jpg,knife,768,670,1985,2029
12,knife_488.jpg,knife,553,906,1892,1753
13,knife_487.jpg,knife,616,885,1555,2248
14,knife_486.jpg,knife,612,605,1727,1984
15,knife_485.jpg,knife,797,210,2096,939
16,knife_484.jpg,knife,616,270,1537,1629
17,knife_483.jpg,knife,404,640,1395,2013
18,knife_482.jpg,knife,626,190,1945,1477
19,knife_481.jpg,knife,610,1137,1709,2516
20,knife_480.jpg,knife,828,917,1557,2216
21,knife_479.jpg,knife,667,704,1938,1371
22,knife_478.jpg,knife,766,861,2091,2140
23,knife_477.jpg,knife,793,935,2164,1908
24,knife_476.jpg,knife,1015,732,2156,2109
25,knife_475.jpg,knife,297,1440,1670,2431
26,knife_474.jpg,knife,466,1010,1785,2297
27,knife_473.jpg,knife,762,915,2025,1560
28,knife_472.jpg,knife,427,509,1482,1888
29,knife_471.jpg,knife,621,787,1916,2098
30,knife_470.jpg,knife,370,961,1611,1562
31,knife_469.jpg,knife,635,1139,1280,2402
32,knife_468.jpg,knife,3,919,1356,2146
33,knife_467.jpg,knife,403,967,1532,2344
34,knife_466.jpg,knife,366,867,1135,2180
35,knife_465.jpg,knife,625,876,1976,1761
36,knife_464.jpg,knife,912,1399,2175,2044
37,knife_463.jpg,knife,1066,883,2073,2258
38,knife_462.jpg,knife,1195,778,2152,2145
39,knife_461.jpg,knife,266,873,1365,2252
40,knife_460.jpg,knife,620,936,1925,1685
41,knife_459.jpg,knife,833,642,2196,1847
42,knife_458.jpg,knife,816,961,1997,2330
43,knife_457.jpg,knife,722,944,1531,2271
44,knife_456.jpg,knife,525,732,1878,1959
45,knife_455.jpg,knife,256,786,1635,1885
46,knife_454.jpg,knife,347,608,1646,1337
47,knife_453.jpg,knife,328,828,1705,1851
48,knife_452.jpg,knife,873,602,1972,1981
49,knife_451.jpg,knife,602,390,1897,1701
50,knife_450.jpg,knife,688,1543,1969,2230
51,knife_449.jpg,knife,597,708,1930,1535
52,knife_448.jpg,knife,454,527,1703,1870
53,knife_447.jpg,knife,65,830,1408,2079
54,knife_446.jpg,knife,752,922,2129,1945
55,knife_445.jpg,knife,571,1350,1916,2215
56,knife_444.jpg,knife,195,932,1572,2073
57,knife_443.jpg,knife,48,1164,1359,2459
58,knife_442.jpg,knife,254,863,1573,2150
59,knife_441.jpg,knife,281,1164,1600,2451
60,knife_440.jpg,knife,273,1085,980,2374
61,knife_439.jpg,knife,813,1003,2084,1670
62,knife_438.jpg,knife,464,1073,1385,2432
63,knife_437.jpg,knife,1138,1134,1965,2467
64,knife_436.jpg,knife,129,785,1506,1926
65,knife_435.jpg,knife,556,409,1935,1448
66,knife_434.jpg,knife,601,989,1840,2338
67,knife_433.jpg,knife,372,1279,1699,2088
68,knife_432.jpg,knife,669,824,1608,2187
69,knife_431.jpg,knife,102,977,1469,1934
70,knife_430.jpg,knife,575,921,1792,2280
71,knife_429.jpg,knife,605,1135,1982,2264
72,knife_428.jpg,knife,502,465,1587,1844
73,knife_427.jpg,knife,250,749,1405,2124
74,knife_426.jpg,knife,789,672,2158,1853
75,knife_425.jpg,knife,589,1707,1842,2330
76,knife_424.jpg,knife,399,779,1766,1736
77,knife_423.jpg,knife,481,778,1806,2057
78,knife_422.jpg,knife,662,317,2041,1402
79,knife_421.jpg,knife,1080,724,1965,2075
80,knife_420.jpg,knife,1102,726,1703,1967
81,knife_419.jpg,knife,872,490,2159,1809
82,knife_418.jpg,knife,1282,853,1905,2106
83,knife_417.jpg,knife,301,664,1654,1891
84,knife_416.jpg,knife,278,521,1655,1544
85,knife_415.jpg,knife,991,541,1678,1822
86,knife_414.jpg,knife,592,313,1945,1540
87,knife_413.jpg,knife,254,1045,983,2344
88,knife_412.jpg,knife,576,1191,1345,2504
89,knife_411.jpg,knife,474,538,1359,1889
90,knife_410.jpg,knife,545,759,1924,1798
91,knife_409.jpg,knife,552,821,1889,2080
92,knife_408.jpg,knife,641,894,1946,1643
93,knife_407.jpg,knife,815,717,2134,2004
94,knife_406.jpg,knife,807,1002,1922,2381
95,knife_405.jpg,knife,534,317,1663,1694
96,knife_404.jpg,knife,409,832,1294,2183
97,knife_403.jpg,knife,676,645,2019,1894
98,knife_402.jpg,knife,783,1290,2116,2117
99,knife_401.jpg,knife,531,864,1280,2169
100,knife_400.jpg,knife,817,809,2098,1496
101,knife_399.jpg,knife,291,810,1446,2185
102,knife_398.jpg,knife,1197,484,2100,1839
103,knife_397.jpg,knife,753,459,2132,1574
104,knife_396.jpg,knife,213,1128,1568,2031
105,knife_395.jpg,knife,661,873,1930,2204
106,knife_394.jpg,knife,433,456,1810,1585
107,knife_393.jpg,knife,618,834,1921,2137
108,knife_392.jpg,knife,1073,882,1780,2171
109,knife_391.jpg,knife,242,724,1617,1879
110,knife_390.jpg,knife,393,578,1762,1759
111,knife_389.jpg,knife,735,976,1402,2247
112,knife_388.jpg,knife,878,783,2189,2078
113,knife_387.jpg,knife,549,840,1216,2111
114,knife_386.jpg,knife,480,931,1855,1938
115,knife_385.jpg,knife,622,577,1997,1584
116,knife_384.jpg,knife,476,1108,1143,2379
117,knife_383.jpg,knife,560,832,1909,2071
118,knife_382.jpg,knife,541,1312,1822,1999
119,knife_381.jpg,knife,831,402,2206,1557
120,knife_380.jpg,knife,717,551,2050,1378
121,knife_379.jpg,knife,730,894,1499,2207
122,knife_378.jpg,knife,903,280,2096,1645
123,knife_377.jpg,knife,178,817,1537,1738
124,knife_376.jpg,knife,724,296,2073,1535
125,knife_375.jpg,knife,571,1084,1360,2405
126,knife_374.jpg,knife,276,813,1597,1602
127,knife_373.jpg,knife,618,605,1263,1868
128,knife_372.jpg,knife,609,834,1836,2187
129,knife_371.jpg,knife,627,378,1474,1717
130,knife_370.jpg,knife,1087,604,2008,1963
131,knife_369.jpg,knife,265,617,1644,1716
132,knife_368.jpg,knife,974,730,2179,2093
133,knife_367.jpg,knife,890,672,1829,2035
134,knife_366.jpg,knife,247,1043,1464,2402
135,knife_365.jpg,knife,652,391,1833,1760
136,knife_364.jpg,knife,917,676,2032,2055
137,knife_363.jpg,knife,4,1610,1337,2437
138,knife_362.jpg,knife,1195,1091,2022,2424
139,knife_361.jpg,knife,764,433,2117,1660
140,knife_360.jpg,knife,996,810,1725,2109
141,knife_359.jpg,knife,231,1357,1558,2166
142,knife_358.jpg,knife,494,608,1871,1749
143,knife_357.jpg,knife,427,1763,1698,2430
144,knife_356.jpg,knife,1088,787,1915,2120
145,knife_355.jpg,knife,1171,245,2074,1600
146,knife_354.jpg,knife,599,724,1878,2049
147,knife_353.jpg,knife,680,541,2023,1790
148,knife_352.jpg,knife,778,519,2147,1700
149,knife_351.jpg,knife,557,444,1548,1817
150,knife_350.jpg,knife,391,1154,1710,2441
151,knife_349.jpg,knife,859,184,2190,1453
152,knife_348.jpg,knife,472,979,1711,2328
153,knife_347.jpg,knife,295,1468,1536,2069
154,knife_346.jpg,knife,397,995,1420,2372
155,knife_345.jpg,knife,1060,834,2099,2213
156,knife_344.jpg,knife,605,1155,1980,2162
157,knife_343.jpg,knife,842,764,1549,2053
158,knife_342.jpg,knife,855,440,1970,1819
159,knife_341.jpg,knife,556,346,1919,1551
160,knife_340.jpg,knife,458,722,1837,1777
161,knife_339.jpg,knife,755,1000,2042,2319
162,knife_338.jpg,knife,804,585,2171,1542
163,knife_337.jpg,knife,910,880,1949,2259
164,knife_336.jpg,knife,1200,254,1867,1525
165,knife_335.jpg,knife,650,297,1919,1628
166,knife_334.jpg,knife,171,643,1524,1870
167,knife_333.jpg,knife,762,900,1589,2233
168,knife_332.jpg,knife,241,1387,1616,2394
169,knife_331.jpg,knife,829,851,2108,2176
170,knife_330.jpg,knife,13,1305,1346,2132
171,knife_329.jpg,knife,641,803,1712,2182
172,knife_328.jpg,knife,304,798,1011,2087
173,knife_327.jpg,knife,1278,756,2125,2095
174,knife_326.jpg,knife,441,1020,1786,1885
175,knife_325.jpg,knife,702,1095,2081,2134
176,knife_324.jpg,knife,1383,536,2070,1817
177,knife_323.jpg,knife,0,1045,1339,1892
178,knife_322.jpg,knife,321,1235,1696,2390
179,knife_321.jpg,knife,1060,199,2159,1578
180,knife_320.jpg,knife,690,945,1969,2270
181,knife_319.jpg,knife,1213,845,1858,2108
182,knife_318.jpg,knife,609,304,1600,1677
183,knife_317.jpg,knife,1018,1102,1883,2447
184,knife_316.jpg,knife,420,544,1169,1849
185,knife_315.jpg,knife,33,868,1410,2009
186,knife_314.jpg,knife,794,447,2169,1602
187,knife_313.jpg,knife,1211,970,2114,2325
188,knife_312.jpg,knife,916,934,2165,2277
189,knife_311.jpg,knife,774,820,1639,2165
190,knife_310.jpg,knife,611,877,1982,1850
191,knife_309.jpg,knife,641,981,1264,2234
192,knife_308.jpg,knife,696,840,2021,2119
193,knife_307.jpg,knife,741,400,1698,1767
194,knife_306.jpg,knife,844,1556,2097,2179
195,knife_305.jpg,knife,399,1143,1720,1932
196,knife_304.jpg,knife,520,486,1879,1407
197,knife_303.jpg,knife,1172,1148,1941,2461
198,knife_302.jpg,knife,653,640,2032,1711
199,knife_301.jpg,knife,559,874,1308,2179
200,knife_300.jpg,knife,699,287,1880,1656
201,knife_299.jpg,knife,640,637,2017,1766
202,knife_298.jpg,knife,370,675,1255,2026
203,knife_297.jpg,knife,828,472,2199,1445
204,knife_296.jpg,knife,1192,253,1981,1574
205,knife_295.jpg,knife,438,631,1461,2008
206,knife_294.jpg,knife,627,960,1916,1667
207,knife_293.jpg,knife,466,977,1817,1862
208,knife_292.jpg,knife,599,735,1862,1380
209,knife_291.jpg,knife,372,653,1653,1340
210,knife_290.jpg,knife,746,1064,2111,2257
211,knife_289.jpg,knife,330,686,1619,1393
212,knife_288.jpg,knife,548,1125,1843,2436
213,knife_287.jpg,knife,269,738,1648,1809
214,knife_286.jpg,knife,483,675,1828,1540
215,knife_285.jpg,knife,871,459,1926,1838
216,knife_284.jpg,knife,653,1289,2032,2344
217,knife_283.jpg,knife,1142,451,2149,1826
218,knife_282.jpg,knife,739,1033,1426,2314
219,knife_281.jpg,knife,1153,504,1798,1767
220,knife_280.jpg,knife,830,984,2179,2223
221,knife_279.jpg,knife,393,754,1492,2133
222,knife_278.jpg,knife,1509,320,2196,1601
223,knife_277.jpg,knife,299,819,1440,2196
224,knife_276.jpg,knife,31,1700,1272,2301
225,knife_275.jpg,knife,700,691,2031,1960
226,knife_274.jpg,knife,493,863,1358,2208
227,knife_273.jpg,knife,943,687,2170,2040
228,knife_272.jpg,knife,314,760,1667,1987
229,knife_271.jpg,knife,1168,314,2015,1653
230,knife_270.jpg,knife,767,449,2098,1718
231,knife_269.jpg,knife,591,1208,1970,2247
232,knife_268.jpg,knife,237,1059,1084,2398
233,knife_267.jpg,knife,685,217,2036,1102
234,knife_266.jpg,knife,471,1029,1842,2198
235,knife_265.jpg,knife,1174,519,2147,1890
236,knife_264.jpg,knife,246,589,1611,1782
237,knife_263.jpg,knife,744,607,2123,1692
238,knife_262.jpg,knife,1070,742,2125,2121
239,knife_261.jpg,knife,431,1109,1752,1898
240,knife_260.jpg,knife,432,968,1807,1975
241,knife_259.jpg,knife,829,841,2118,1548
242,knife_258.jpg,knife,656,1133,1445,2454
243,knife_257.jpg,knife,415,784,1242,2117
244,knife_256.jpg,knife,336,1150,1703,2107
245,knife_255.jpg,knife,431,883,1624,2248
246,knife_254.jpg,knife,289,775,1038,2080
247,knife_253.jpg,knife,1383,510,2050,1781
248,knife_252.jpg,knife,735,579,2094,1796
249,knife_251.jpg,knife,1213,539,1942,1838
250,knife_250.jpg,knife,509,698,1790,1385
251,knife_249.jpg,knife,502,946,1797,2257
252,knife_248.jpg,knife,902,660,1749,1999
253,knife_247.jpg,knife,834,1125,1841,2500
254,knife_246.jpg,knife,649,1138,1970,1927
255,knife_245.jpg,knife,368,543,1253,1894
256,knife_244.jpg,knife,177,999,1098,2358
257,knife_243.jpg,knife,977,872,2204,2225
258,knife_242.jpg,knife,737,1003,2042,1752
259,knife_241.jpg,knife,453,817,1796,2066
260,knife_240.jpg,knife,753,229,2022,1560
261,knife_239.jpg,knife,751,625,1978,1978
262,knife_238.jpg,knife,177,855,1098,2214
263,knife_237.jpg,knife,674,875,2029,1778
264,knife_236.jpg,knife,815,1073,2096,1760
265,knife_235.jpg,knife,519,570,1510,1943
266,knife_234.jpg,knife,676,844,2031,1747
267,knife_233.jpg,knife,993,382,2186,1747
268,knife_232.jpg,knife,600,925,1925,2204
269,knife_231.jpg,knife,653,494,2032,1579
270,knife_230.jpg,knife,777,263,2140,1468
271,knife_229.jpg,knife,215,774,1356,2151
272,knife_228.jpg,knife,631,879,1974,2128
273,knife_227.jpg,knife,1273,823,1896,2076
274,knife_226.jpg,knife,370,1178,1695,2457
275,knife_225.jpg,knife,1061,490,2146,1869
276,knife_224.jpg,knife,725,395,2094,1576
277,knife_223.jpg,knife,553,1043,1874,1832
278,knife_222.jpg,knife,691,739,2034,1988
279,knife_221.jpg,knife,544,507,1447,1862
280,knife_220.jpg,knife,643,1097,2020,2120
281,knife_219.jpg,knife,318,1022,1697,2107
282,knife_218.jpg,knife,521,590,1494,1961
283,knife_217.jpg,knife,554,527,1511,1894
284,knife_216.jpg,knife,621,756,1578,2123
285,knife_215.jpg,knife,615,956,1990,2111
286,knife_214.jpg,knife,132,1240,1509,2369
287,knife_213.jpg,knife,1022,183,1943,1542
288,knife_212.jpg,knife,565,1278,1924,2199
289,knife_211.jpg,knife,634,861,1689,2240
290,knife_210.jpg,knife,457,1043,1782,2322
291,knife_209.jpg,knife,1004,966,1753,2271
292,knife_208.jpg,knife,359,695,1730,1668
293,knife_207.jpg,knife,498,580,1787,1287
294,knife_206.jpg,knife,797,240,2076,1565
295,knife_205.jpg,knife,811,1273,2156,2138
296,knife_204.jpg,knife,247,1045,1550,2348
297,knife_203.jpg,knife,698,760,2051,1987
298,knife_202.jpg,knife,339,787,1694,1690
299,knife_201.jpg,knife,573,202,1832,1539
300,knife_200.jpg,knife,609,631,1934,1910
301,knife_199.jpg,knife,386,1113,1567,2482
302,knife_198.jpg,knife,632,915,1981,2154
303,knife_197.jpg,knife,191,823,1360,2194
304,knife_196.jpg,knife,236,970,1275,2349
305,knife_195.jpg,knife,660,867,1985,2146
306,knife_194.jpg,knife,418,820,1559,2197
307,knife_193.jpg,knife,343,1089,1592,2432
308,knife_192.jpg,knife,202,799,1357,2174
309,knife_191.jpg,knife,783,550,2136,1777
310,knife_190.jpg,knife,808,398,2187,1513
311,knife_189.jpg,knife,595,255,1404,1582
312,knife_188.jpg,knife,800,534,1703,1889
313,knife_187.jpg,knife,589,701,1730,2078
314,knife_186.jpg,knife,612,1026,1945,1853
315,knife_185.jpg,knife,199,1114,1480,1801
316,knife_184.jpg,knife,154,1009,1269,2388
317,knife_183.jpg,knife,690,441,2067,1464
318,knife_182.jpg,knife,835,337,2016,1706
319,knife_181.jpg,knife,584,374,1959,1529
320,knife_180.jpg,knife,843,1413,2132,2120
321,knife_179.jpg,knife,839,704,2160,1493
322,knife_178.jpg,knife,142,1271,1519,2412
323,knife_177.jpg,knife,957,704,1996,2083
324,knife_176.jpg,knife,490,1299,1829,2146
325,knife_175.jpg,knife,279,705,1460,2074
326,knife_174.jpg,knife,733,595,1356,1848
327,knife_173.jpg,knife,594,508,1749,1883
328,knife_172.jpg,knife,779,846,2118,1693
329,knife_171.jpg,knife,373,1153,1750,2294
330,knife_170.jpg,knife,356,819,1379,2196
331,knife_169.jpg,knife,899,513,1500,1754
332,knife_168.jpg,knife,804,798,2149,1663
333,knife_167.jpg,knife,644,1125,1997,2352
334,knife_166.jpg,knife,684,680,1605,2039
335,knife_165.jpg,knife,1233,262,2118,1613
336,knife_164.jpg,knife,649,683,1514,2028
337,knife_163.jpg,knife,682,294,2061,1365
338,knife_162.jpg,knife,328,640,1707,1755
339,knife_161.jpg,knife,757,635,2060,1938
340,knife_160.jpg,knife,344,543,1335,1916
341,knife_159.jpg,knife,1060,524,1981,1883
342,knife_158.jpg,knife,721,576,2096,1583
343,knife_157.jpg,knife,382,1180,1761,2279
344,knife_156.jpg,knife,538,916,1871,1743
345,knife_155.jpg,knife,787,1008,1794,2383
346,knife_154.jpg,knife,360,548,1723,1487
347,knife_153.jpg,knife,529,472,1698,1843
348,knife_152.jpg,knife,292,824,1667,1831
349,knife_151.jpg,knife,1355,1017,2000,2280
350,knife_150.jpg,knife,679,852,1618,2215
351,knife_149.jpg,knife,458,1288,1729,1955
352,knife_148.jpg,knife,975,335,1822,1674
353,knife_147.jpg,knife,1362,195,2151,1516
354,knife_146.jpg,knife,387,616,1764,1639
355,knife_145.jpg,knife,1010,611,1967,1978
356,knife_144.jpg,knife,418,963,1783,2156
357,knife_143.jpg,knife,1053,788,2182,2165
358,knife_142.jpg,knife,327,1391,1648,2180
359,knife_141.jpg,knife,492,1468,1805,2237
360,knife_140.jpg,knife,646,792,1685,2171
361,knife_139.jpg,knife,594,660,1971,1789
362,knife_138.jpg,knife,1319,927,1986,2198
363,knife_137.jpg,knife,948,807,2175,2160
364,knife_136.jpg,knife,97,844,1464,1801
365,knife_135.jpg,knife,610,307,1889,1632
366,knife_134.jpg,knife,431,626,1784,1853
367,knife_133.jpg,knife,793,543,1962,1914
368,knife_132.jpg,knife,710,1023,2053,2272
369,knife_131.jpg,knife,685,1009,1826,2386
370,knife_130.jpg,knife,830,531,2117,1850
371,knife_129.jpg,knife,696,977,2001,1726
372,knife_128.jpg,knife,496,1062,1595,2441
373,knife_127.jpg,knife,633,1117,2010,2246
374,knife_126.jpg,knife,721,543,2010,1250
375,knife_125.jpg,knife,497,1019,1736,2368
376,knife_124.jpg,knife,374,625,975,1866
377,knife_123.jpg,knife,665,1161,1454,2482
378,knife_122.jpg,knife,721,248,2084,1187
379,knife_121.jpg,knife,177,801,1556,1916
380,knife_120.jpg,knife,492,1265,1865,2256
381,knife_119.jpg,knife,126,904,1453,1713
382,knife_118.jpg,knife,531,847,1554,2224
383,knife_117.jpg,knife,214,1005,1545,2274
384,knife_116.jpg,knife,1126,431,2065,1794
385,knife_115.jpg,knife,825,595,1816,1968
386,knife_114.jpg,knife,588,1385,1901,2154
387,knife_113.jpg,knife,446,842,1745,1571
388,knife_112.jpg,knife,796,473,1819,1850
389,knife_111.jpg,knife,686,886,1997,2181
390,knife_110.jpg,knife,593,332,1440,1671
391,knife_109.jpg,knife,1143,1063,1952,2390
392,knife_108.jpg,knife,565,1317,1944,2432
393,knife_107.jpg,knife,598,855,1925,1664
394,knife_106.jpg,knife,700,1097,1691,2470
395,knife_105.jpg,knife,781,961,1772,2334
396,knife_104.jpg,knife,666,223,1883,1582
397,knife_103.jpg,knife,430,440,1789,1361
398,knife_102.jpg,knife,775,863,2044,2194
399,knife_101.jpg,knife,362,1094,1713,1979
400,knife_100.jpg,knife,250,599,1529,1924
401,knife_99.jpg,knife,499,829,1826,1638
402,knife_98.jpg,knife,785,575,1670,1926
403,knife_97.jpg,knife,229,811,1510,1498
404,knife_96.jpg,knife,1260,826,2163,2181
405,knife_95.jpg,knife,7,1645,1320,2414
406,knife_94.jpg,knife,955,334,2136,1703
407,knife_93.jpg,knife,730,1349,2001,2016
408,knife_92.jpg,knife,709,522,2088,1637
409,knife_91.jpg,knife,272,1043,1597,2322
410,knife_90.jpg,knife,426,883,1417,2256
411,knife_89.jpg,knife,158,725,1529,1698
412,knife_88.jpg,knife,801,1185,1424,2438
413,knife_87.jpg,knife,421,870,1774,2097
414,knife_86.jpg,knife,643,1238,2002,2159
415,knife_85.jpg,knife,810,407,2089,1732
416,knife_84.jpg,knife,388,964,1593,2327
417,knife_83.jpg,knife,853,649,2184,1918
418,knife_82.jpg,knife,353,698,1678,1977
419,knife_81.jpg,knife,884,509,1507,1762
420,knife_80.jpg,knife,1130,214,1977,1553
421,knife_79.jpg,knife,668,1054,2047,2153
422,knife_78.jpg,knife,462,443,1827,1636
423,knife_77.jpg,knife,559,1040,1934,2047
424,knife_76.jpg,knife,452,1088,1551,2467
425,knife_75.jpg,knife,176,622,1061,1973
426,knife_74.jpg,knife,423,869,1794,2038
427,knife_73.jpg,knife,731,809,2108,1938
428,knife_72.jpg,knife,901,856,2118,2215
429,knife_71.jpg,knife,483,855,1822,1702
430,knife_70.jpg,knife,527,620,1150,1873
431,knife_69.jpg,knife,613,1094,1712,2473
432,knife_68.jpg,knife,583,522,1962,1593
433,knife_67.jpg,knife,797,515,2160,1720
434,knife_66.jpg,knife,524,1065,1547,2442
435,knife_65.jpg,knife,152,911,1515,2116
436,knife_64.jpg,knife,448,689,1701,1312
437,knife_63.jpg,knife,540,609,1757,1968
438,knife_62.jpg,knife,232,1276,1537,2025
439,knife_61.jpg,knife,593,1119,1944,2004
440,knife_60.jpg,knife,383,575,1622,1924
441,knife_59.jpg,knife,503,620,1772,1951
442,knife_58.jpg,knife,721,1327,2002,2014
443,knife_57.jpg,knife,818,740,2023,2103
444,knife_56.jpg,knife,384,722,1611,2075
445,knife_55.jpg,knife,591,630,1236,1893
446,knife_54.jpg,knife,320,1284,1691,2257
447,knife_53.jpg,knife,213,836,1524,2131
448,knife_52.jpg,knife,536,827,1885,2066
449,knife_51.jpg,knife,831,467,1886,1846
450,knife_50.jpg,knife,501,1031,1706,2394
451,knife_49.jpg,knife,202,777,1395,2142
452,knife_48.jpg,knife,754,845,1853,2224
453,knife_47.jpg,knife,461,1112,1798,2371
454,knife_46.jpg,knife,584,328,1879,1639
455,knife_45.jpg,knife,738,566,1695,1933
456,knife_44.jpg,knife,598,1580,1957,2501
457,knife_43.jpg,knife,1203,272,2050,1611
458,knife_42.jpg,knife,465,884,1784,2171
459,knife_41.jpg,knife,1019,507,2188,1878
460,knife_40.jpg,knife,217,926,1434,2285
461,knife_39.jpg,knife,328,755,1673,1620
462,knife_38.jpg,knife,708,778,1747,2157
463,knife_37.jpg,knife,579,1356,1906,2165
464,knife_36.jpg,knife,911,336,1918,1711
465,knife_35.jpg,knife,274,1013,1523,2356
466,knife_34.jpg,knife,62,1044,1343,1731
467,knife_33.jpg,knife,435,815,1640,2178
468,knife_32.jpg,knife,416,904,1787,1877
469,knife_31.jpg,knife,256,990,1633,2131
470,knife_30.jpg,knife,669,682,1660,2055
471,knife_29.jpg,knife,1045,372,1854,1699
472,knife_28.jpg,knife,529,760,1710,2129
473,knife_27.jpg,knife,447,827,1826,1926
474,knife_26.jpg,knife,497,881,1362,2226
475,knife_25.jpg,knife,833,1025,2050,2384
476,knife_24.jpg,knife,181,1021,1560,2120
477,knife_23.jpg,knife,719,438,2098,1493
478,knife_22.jpg,knife,765,802,2144,1901
479,knife_21.jpg,knife,510,1019,1885,2174
480,knife_20.jpg,knife,680,1406,1969,2113
481,knife_19.jpg,knife,342,711,1673,1980
482,knife_18.jpg,knife,557,515,1836,1840
483,knife_17.jpg,knife,537,751,1730,2116
484,knife_16.jpg,knife,625,1154,1992,2111
485,knife_15.jpg,knife,794,552,1501,1841
486,knife_14.jpg,knife,147,1108,1418,1775
487,knife_13.jpg,knife,310,677,977,1948
488,knife_12.jpg,knife,691,427,1612,1786
489,knife_11.jpg,knife,334,817,1605,1484
490,knife_10.jpg,knife,651,999,1964,1768
491,knife_9.jpg,knife,1049,479,2148,1858
492,knife_8.jpg,knife,700,1359,2079,2398
493,knife_7.jpg,knife,819,994,2182,1933
494,knife_6.jpg,knife,278,917,1627,2156
495,knife_5.jpg,knife,700,1020,1603,2375
496,knife_4.jpg,knife,662,1335,2021,2256
497,knife_3.jpg,knife,573,1045,1728,2420
498,knife_2.jpg,knife,674,917,1973,1646
499,knife_1.jpg,knife,557,741,1932,1748
500,rajor blade_500.jpg,rajor blade,705,1854,1224,2373
501,rajor blade_499.jpg,rajor blade,1680,1566,2163,2049
502,rajor blade_498.jpg,rajor blade,386,1428,821,1863
503,rajor blade_497.jpg,rajor blade,541,1100,1040,1599
504,rajor blade_496.jpg,rajor blade,744,1529,1321,2106
505,rajor blade_495.jpg,rajor blade,1297,511,1856,1070
506,rajor blade_494.jpg,rajor blade,1196,493,1773,1070
507,rajor blade_493.jpg,rajor blade,407,1438,880,1911
508,rajor blade_492.jpg,rajor blade,1596,161,2017,582
509,rajor blade_491.jpg,rajor blade,282,800,697,1215
510,rajor blade_490.jpg,rajor blade,861,756,1420,1315
511,rajor blade_489.jpg,rajor blade,910,1965,1415,2470
512,rajor blade_488.jpg,rajor blade,1104,609,1571,1076
513,rajor blade_487.jpg,rajor blade,519,1427,980,1888
514,rajor blade_486.jpg,rajor blade,1147,465,1696,1014
515,rajor blade_485.jpg,rajor blade,1175,1572,1714,2111
516,rajor blade_484.jpg,rajor blade,1484,638,2053,1207
517,rajor blade_483.jpg,rajor blade,1530,406,2097,973
518,rajor blade_482.jpg,rajor blade,474,750,963,1239
519,rajor blade_481.jpg,rajor blade,482,1499,1057,2074
520,rajor blade_480.jpg,rajor blade,451,899,1020,1468
521,rajor blade_479.jpg,rajor blade,1540,1271,1989,1720
522,rajor blade_478.jpg,rajor blade,1156,1180,1715,1739
523,rajor blade_477.jpg,rajor blade,414,907,842,1335
524,rajor blade_476.jpg,rajor blade,254,1695,799,2240
525,rajor blade_475.jpg,rajor blade,479,1762,1038,2321
526,rajor blade_474.jpg,rajor blade,843,1352,1292,1801
527,rajor blade_473.jpg,rajor blade,1249,1960,1759,2470
528,rajor blade_472.jpg,rajor blade,1257,1075,1808,1626
529,rajor blade_471.jpg,rajor blade,220,802,600,1182
530,rajor blade_470.jpg,rajor blade,964,981,1523,1540
531,rajor blade_469.jpg,rajor blade,1000,341,1455,796
532,rajor blade_468.jpg,rajor blade,1632,885,2061,1314
533,rajor blade_467.jpg,rajor blade,820,446,1249,875
534,rajor blade_466.jpg,rajor blade,1380,866,1955,1441
535,rajor blade_465.jpg,rajor blade,711,513,1206,1008
536,rajor blade_464.jpg,rajor blade,1637,1493,2186,2042
537,rajor blade_463.jpg,rajor blade,680,999,1170,1489
538,rajor blade_462.jpg,rajor blade,1136,1069,1697,1630
539,rajor blade_461.jpg,rajor blade,1090,858,1629,1397
540,rajor blade_460.jpg,rajor blade,921,1196,1431,1706
541,rajor blade_459.jpg,rajor blade,235,1897,802,2464
542,rajor blade_458.jpg,rajor blade,130,1242,571,1683
543,rajor blade_457.jpg,rajor blade,1514,1692,2069,2247
544,rajor blade_456.jpg,rajor blade,595,1976,1030,2411
545,rajor blade_455.jpg,rajor blade,348,1073,915,1640
546,rajor blade_454.jpg,rajor blade,1345,2028,1752,2435
547,rajor blade_453.jpg,rajor blade,691,1737,1145,2191
548,rajor blade_452.jpg,rajor blade,922,1703,1389,2170
549,rajor blade_451.jpg,rajor blade,1033,1425,1606,1998
550,rajor blade_450.jpg,rajor blade,1448,1670,1979,2201
551,rajor blade_449.jpg,rajor blade,632,1880,1087,2335
552,rajor blade_448.jpg,rajor blade,986,1872,1486,2372
553,rajor blade_447.jpg,rajor blade,243,1357,716,1830
554,rajor blade_446.jpg,rajor blade,765,1535,1264,2034
555,rajor blade_445.jpg,rajor blade,1328,1191,1889,1752
556,rajor blade_444.jpg,rajor blade,1605,1609,2170,2174
557,rajor blade_443.jpg,rajor blade,759,1356,1334,1931
558,rajor blade_442.jpg,rajor blade,693,1138,1234,1679
559,rajor blade_441.jpg,rajor blade,650,367,1195,912
560,rajor blade_440.jpg,rajor blade,743,2075,1189,2521
561,rajor blade_439.jpg,rajor blade,661,980,1131,1450
562,rajor blade_438.jpg,rajor blade,1411,2000,1813,2402
563,rajor blade_437.jpg,rajor blade,1011,793,1419,1201
564,rajor blade_436.jpg,rajor blade,536,1832,1091,2387
565,rajor blade_435.jpg,rajor blade,1710,1558,2117,1965
566,rajor blade_434.jpg,rajor blade,1258,781,1827,1350
567,rajor blade_433.jpg,rajor blade,678,1111,1168,1601
568,rajor blade_432.jpg,rajor blade,1553,1723,2130,2300
569,rajor blade_431.jpg,rajor blade,1406,1859,1951,2404
570,rajor blade_430.jpg,rajor blade,1619,1151,2194,1726
571,rajor blade_429.jpg,rajor blade,1175,1099,1724,1648
572,rajor blade_428.jpg,rajor blade,1181,743,1742,1304
573,rajor blade_427.jpg,rajor blade,751,1111,1324,1684
574,rajor blade_426.jpg,rajor blade,802,1703,1244,2145
575,rajor blade_425.jpg,rajor blade,1123,588,1606,1071
576,rajor blade_424.jpg,rajor blade,338,1655,883,2200
577,rajor blade_423.jpg,rajor blade,848,970,1346,1468
578,rajor blade_422.jpg,rajor blade,429,1091,994,1656
579,rajor blade_421.jpg,rajor blade,277,1163,844,1730
580,rajor blade_420.jpg,rajor blade,1505,863,2003,1361
581,rajor blade_419.jpg,rajor blade,1220,328,1725,833
582,rajor blade_418.jpg,rajor blade,1505,1962,2013,2470
583,rajor blade_417.jpg,rajor blade,1362,1059,1857,1554
584,rajor blade_416.jpg,rajor blade,745,1991,1224,2470
585,rajor blade_415.jpg,rajor blade,3,1400,452,1849
586,rajor blade_414.jpg,rajor blade,1381,1897,1863,2379
587,rajor blade_413.jpg,rajor blade,1092,1563,1641,2112
588,rajor blade_412.jpg,rajor blade,198,1034,711,1547
589,rajor blade_411.jpg,rajor blade,218,961,659,1402
590,rajor blade_410.jpg,rajor blade,452,1815,913,2276
591,rajor blade_409.jpg,rajor blade,1124,984,1679,1539
592,rajor blade_408.jpg,rajor blade,1557,1168,2046,1657
593,rajor blade_407.jpg,rajor blade,360,954,925,1519
594,rajor blade_406.jpg,rajor blade,823,1202,1398,1777
595,rajor blade_405.jpg,rajor blade,429,1013,928,1512
596,rajor blade_404.jpg,rajor blade,1085,1329,1534,1778
597,rajor blade_403.jpg,rajor blade,1607,571,2134,1098
598,rajor blade_402.jpg,rajor blade,731,595,1304,1168
599,rajor blade_401.jpg,rajor blade,1312,1290,1867,1845
600,rajor blade_400.jpg,rajor blade,692,1679,1159,2146
601,rajor blade_399.jpg,rajor blade,652,1511,1165,2024
602,rajor blade_398.jpg,rajor blade,1119,950,1670,1501
603,rajor blade_397.jpg,rajor blade,778,1902,1355,2479
604,rajor blade_396.jpg,rajor blade,1130,1430,1681,1981
605,rajor blade_395.jpg,rajor blade,985,313,1452,780
606,rajor blade_394.jpg,rajor blade,234,1114,807,1687
607,rajor blade_393.jpg,rajor blade,576,532,988,944
608,rajor blade_392.jpg,rajor blade,795,591,1360,1156
609,rajor blade_391.jpg,rajor blade,1396,1393,1915,1912
610,rajor blade_390.jpg,rajor blade,1135,1559,1623,2047
611,rajor blade_389.jpg,rajor blade,1432,1356,1905,1829
612,rajor blade_388.jpg,rajor blade,820,1885,1347,2412
613,rajor blade_387.jpg,rajor blade,785,1523,1320,2058
614,rajor blade_386.jpg,rajor blade,634,1537,1207,2110
615,rajor blade_385.jpg,rajor blade,1396,1128,1808,1540
616,rajor blade_384.jpg,rajor blade,1243,1411,1678,1846
617,rajor blade_383.jpg,rajor blade,1065,1471,1596,2002
618,rajor blade_382.jpg,rajor blade,516,1400,999,1883
619,rajor blade_381.jpg,rajor blade,1669,1427,2152,1910
620,rajor blade_380.jpg,rajor blade,1285,233,1794,742
621,rajor blade_379.jpg,rajor blade,1124,1237,1612,1725
622,rajor blade_378.jpg,rajor blade,1255,1262,1830,1837
623,rajor blade_377.jpg,rajor blade,244,1256,803,1815
624,rajor blade_376.jpg,rajor blade,1031,2029,1540,2538
625,rajor blade_375.jpg,rajor blade,219,1065,786,1632
626,rajor blade_374.jpg,rajor blade,1191,1414,1742,1965
627,rajor blade_373.jpg,rajor blade,934,559,1479,1104
628,rajor blade_372.jpg,rajor blade,1221,529,1716,1024
629,rajor blade_371.jpg,rajor blade,752,259,1181,688
630,rajor blade_370.jpg,rajor blade,1221,1040,1772,1591
631,rajor blade_369.jpg,rajor blade,319,1420,825,1926
632,rajor blade_368.jpg,rajor blade,902,680,1412,1190
633,rajor blade_367.jpg,rajor blade,845,1666,1328,2149
634,rajor blade_366.jpg,rajor blade,1625,543,2054,972
635,rajor blade_365.jpg,rajor blade,300,667,789,1156
636,rajor blade_364.jpg,rajor blade,291,1343,758,1810
637,rajor blade_363.jpg,rajor blade,1427,964,1862,1399
638,rajor blade_362.jpg,rajor blade,925,1642,1464,2181
639,rajor blade_361.jpg,rajor blade,932,1830,1415,2313
640,rajor blade_360.jpg,rajor blade,10,1443,425,1858
641,rajor blade_359.jpg,rajor blade,364,1429,941,2006
642,rajor blade_358.jpg,rajor blade,62,925,551,1414
643,rajor blade_357.jpg,rajor blade,299,1421,858,1980
644,rajor blade_356.jpg,rajor blade,1434,1565,1849,1980
645,rajor blade_355.jpg,rajor blade,1521,1636,1994,2109
646,rajor blade_354.jpg,rajor blade,539,1037,1116,1614
647,rajor blade_353.jpg,rajor blade,832,1285,1367,1820
648,rajor blade_352.jpg,rajor blade,232,1279,803,1850
649,rajor blade_351.jpg,rajor blade,1663,598,2172,1107
650,rajor blade_350.jpg,rajor blade,1301,1298,1811,1808
651,rajor blade_349.jpg,rajor blade,853,1908,1352,2407
652,rajor blade_348.jpg,rajor blade,502,1022,1047,1567
653,rajor blade_347.jpg,rajor blade,646,1400,1100,1854
654,rajor blade_346.jpg,rajor blade,1205,1716,1766,2277
655,rajor blade_345.jpg,rajor blade,835,1294,1396,1855
656,rajor blade_344.jpg,rajor blade,1012,1846,1525,2359
657,rajor blade_343.jpg,rajor blade,568,1045,1143,1620
658,rajor blade_342.jpg,rajor blade,881,1266,1367,1752
659,rajor blade_341.jpg,rajor blade,903,1287,1448,1832
660,rajor blade_340.jpg,rajor blade,1039,643,1594,1198
661,rajor blade_339.jpg,rajor blade,1442,1480,1877,1915
662,rajor blade_338.jpg,rajor blade,672,1367,1249,1944
663,rajor blade_337.jpg,rajor blade,314,1010,859,1555
664,rajor blade_336.jpg,rajor blade,90,906,579,1395
665,rajor blade_335.jpg,rajor blade,299,1511,844,2056
666,rajor blade_334.jpg,rajor blade,505,1895,1004,2394
667,rajor blade_333.jpg,rajor blade,1222,912,1708,1398
668,rajor blade_332.jpg,rajor blade,1276,602,1786,1112
669,rajor blade_331.jpg,rajor blade,296,588,795,1087
670,rajor blade_330.jpg,rajor blade,1133,551,1674,1092
671,rajor blade_329.jpg,rajor blade,1412,1214,1951,1753
672,rajor blade_328.jpg,rajor blade,1358,1465,1871,1978
673,rajor blade_327.jpg,rajor blade,1531,1220,2104,1793
674,rajor blade_326.jpg,rajor blade,392,1163,902,1673
675,rajor blade_325.jpg,rajor blade,1451,1138,2028,1715
676,rajor blade_324.jpg,rajor blade,1191,889,1652,1350
677,rajor blade_323.jpg,rajor blade,883,864,1372,1353
678,rajor blade_322.jpg,rajor blade,1454,484,1872,902
679,rajor blade_321.jpg,rajor blade,1542,1024,2087,1569
680,rajor blade_320.jpg,rajor blade,1240,1197,1763,1720
681,rajor blade_319.jpg,rajor blade,1335,1997,1830,2492
682,rajor blade_318.jpg,rajor blade,1712,1492,2133,1913
683,rajor blade_317.jpg,rajor blade,502,1499,1079,2076
684,rajor blade_316.jpg,rajor blade,922,1324,1363,1765
685,rajor blade_315.jpg,rajor blade,286,659,845,1218
686,rajor blade_314.jpg,rajor blade,1673,474,2168,969
687,rajor blade_313.jpg,rajor blade,1535,1303,2086,1854
688,rajor blade_312.jpg,rajor blade,1144,690,1721,1267
689,rajor blade_311.jpg,rajor blade,1671,1566,2180,2075
690,rajor blade_310.jpg,rajor blade,594,1527,1043,1976
691,rajor blade_309.jpg,rajor blade,896,1303,1406,1813
692,rajor blade_308.jpg,rajor blade,636,986,1201,1551
693,rajor blade_307.jpg,rajor blade,988,617,1557,1186
694,rajor blade_306.jpg,rajor blade,1561,1996,1996,2431
695,rajor blade_305.jpg,rajor blade,1254,1092,1743,1581
696,rajor blade_304.jpg,rajor blade,1690,975,2086,1371
697,rajor blade_303.jpg,rajor blade,1587,736,2054,1203
698,rajor blade_302.jpg,rajor blade,836,1324,1363,1851
699,rajor blade_301.jpg,rajor blade,1565,760,2026,1221
700,rajor blade_300.jpg,rajor blade,1149,1975,1700,2526
701,rajor blade_299.jpg,rajor blade,894,519,1343,968
702,rajor blade_298.jpg,rajor blade,548,682,1054,1188
703,rajor blade_297.jpg,rajor blade,853,439,1302,888
704,rajor blade_296.jpg,rajor blade,1309,1344,1876,1911
705,rajor blade_295.jpg,rajor blade,1146,1211,1681,1746
706,rajor blade_294.jpg,rajor blade,1694,1239,2168,1713
707,rajor blade_293.jpg,rajor blade,1617,1328,2184,1895
708,rajor blade_292.jpg,rajor blade,1710,1518,2131,1939
709,rajor blade_291.jpg,rajor blade,252,899,693,1340
710,rajor blade_290.jpg,rajor blade,1445,991,2010,1556
711,rajor blade_289.jpg,rajor blade,1264,1229,1722,1687
712,rajor blade_288.jpg,rajor blade,538,1329,1113,1904
713,rajor blade_287.jpg,rajor blade,745,533,1290,1078
714,rajor blade_286.jpg,rajor blade,221,1343,688,1810
715,rajor blade_285.jpg,rajor blade,564,785,1103,1324
716,rajor blade_284.jpg,rajor blade,343,1215,894,1766
717,rajor blade_283.jpg,rajor blade,555,1400,1041,1886
718,rajor blade_282.jpg,rajor blade,356,922,851,1417
719,rajor blade_281.jpg,rajor blade,895,1026,1390,1521
720,rajor blade_280.jpg,rajor blade,775,1283,1298,1806
721,rajor blade_279.jpg,rajor blade,1016,1504,1522,2010
722,rajor blade_278.jpg,rajor blade,1131,1575,1692,2136
723,rajor blade_277.jpg,rajor blade,694,1098,1161,1565
724,rajor blade_276.jpg,rajor blade,1334,365,1817,848
725,rajor blade_275.jpg,rajor blade,1069,946,1549,1426
726,rajor blade_274.jpg,rajor blade,768,1459,1287,1978
727,rajor blade_273.jpg,rajor blade,282,1109,772,1599
728,rajor blade_272.jpg,rajor blade,1465,1382,2042,1959
729,rajor blade_271.jpg,rajor blade,1662,748,2036,1122
730,rajor blade_270.jpg,rajor blade,1168,421,1745,998
731,rajor blade_269.jpg,rajor blade,1036,1754,1545,2263
732,rajor blade_268.jpg,rajor blade,372,1055,768,1451
733,rajor blade_267.jpg,rajor blade,974,1621,1415,2062
734,rajor blade_266.jpg,rajor blade,1286,1190,1859,1763
735,rajor blade_265.jpg,rajor blade,486,676,1057,1247
736,rajor blade_264.jpg,rajor blade,1686,1894,2115,2323
737,rajor blade_263.jpg,rajor blade,1542,1181,2040,1679
738,rajor blade_262.jpg,rajor blade,946,1573,1517,2144
739,rajor blade_261.jpg,rajor blade,431,1911,886,2366
740,rajor blade_260.jpg,rajor blade,930,427,1479,976
741,rajor blade_259.jpg,rajor blade,876,617,1386,1127
742,rajor blade_258.jpg,rajor blade,1096,320,1663,887
743,rajor blade_257.jpg,rajor blade,1090,1417,1532,1859
744,rajor blade_256.jpg,rajor blade,1467,918,1934,1385
745,rajor blade_255.jpg,rajor blade,421,537,978,1094
746,rajor blade_254.jpg,rajor blade,390,962,951,1523
747,rajor blade_253.jpg,rajor blade,1321,278,1750,707
748,rajor blade_252.jpg,rajor blade,1464,737,2031,1304
749,rajor blade_251.jpg,rajor blade,1702,701,2184,1183
750,rajor blade_250.jpg,rajor blade,1051,1972,1500,2421
751,rajor blade_249.jpg,rajor blade,238,752,727,1241
752,rajor blade_248.jpg,rajor blade,286,594,861,1169
753,rajor blade_247.jpg,rajor blade,1595,1462,2016,1883
754,rajor blade_246.jpg,rajor blade,1430,1631,1879,2080
755,rajor blade_245.jpg,rajor blade,870,1356,1378,1864
756,rajor blade_244.jpg,rajor blade,1638,1055,2147,1564
757,rajor blade_243.jpg,rajor blade,1017,1041,1592,1616
758,rajor blade_242.jpg,rajor blade,663,1299,1162,1798
759,rajor blade_241.jpg,rajor blade,263,1982,692,2411
760,rajor blade_240.jpg,rajor blade,384,618,879,1113
761,rajor blade_239.jpg,rajor blade,692,1110,1153,1571
762,rajor blade_238.jpg,rajor blade,579,1379,1156,1956
763,rajor blade_237.jpg,rajor blade,466,1599,927,2060
764,rajor blade_236.jpg,rajor blade,1263,648,1724,1109
765,rajor blade_235.jpg,rajor blade,1611,1449,2130,1968
766,rajor blade_234.jpg,rajor blade,570,804,1119,1353
767,rajor blade_233.jpg,rajor blade,1234,1386,1695,1847
768,rajor blade_232.jpg,rajor blade,821,1003,1262,1444
769,rajor blade_231.jpg,rajor blade,1468,1140,2035,1707
770,rajor blade_230.jpg,rajor blade,1490,822,1998,1330
771,rajor blade_229.jpg,rajor blade,1114,963,1655,1504
772,rajor blade_228.jpg,rajor blade,972,1149,1460,1637
773,rajor blade_227.jpg,rajor blade,1417,1157,1925,1665
774,rajor blade_226.jpg,rajor blade,616,961,1126,1471
775,rajor blade_225.jpg,rajor blade,617,891,1194,1468
776,rajor blade_224.jpg,rajor blade,1266,1201,1745,1680
777,rajor blade_223.jpg,rajor blade,234,1333,775,1874
778,rajor blade_222.jpg,rajor blade,1411,288,1826,703
779,rajor blade_221.jpg,rajor blade,1373,333,1924,884
780,rajor blade_220.jpg,rajor blade,1183,1684,1740,2241
781,rajor blade_219.jpg,rajor blade,25,1235,524,1734
782,rajor blade_218.jpg,rajor blade,710,1068,1145,1503
783,rajor blade_217.jpg,rajor blade,700,1875,1249,2424
784,rajor blade_216.jpg,rajor blade,1091,965,1658,1532
785,rajor blade_215.jpg,rajor blade,1230,999,1739,1508
786,rajor blade_214.jpg,rajor blade,1161,903,1730,1472
787,rajor blade_213.jpg,rajor blade,1344,584,1889,1129
788,rajor blade_212.jpg,rajor blade,194,1608,745,2159
789,rajor blade_211.jpg,rajor blade,1369,1322,1771,1724
790,rajor blade_210.jpg,rajor blade,717,919,1146,1348
791,rajor blade_209.jpg,rajor blade,1451,1492,1880,1921
792,rajor blade_208.jpg,rajor blade,1471,1865,2010,2404
793,rajor blade_207.jpg,rajor blade,556,1911,1011,2366
794,rajor blade_206.jpg,rajor blade,1204,631,1684,1111
795,rajor blade_205.jpg,rajor blade,736,349,1287,900
796,rajor blade_204.jpg,rajor blade,666,696,1243,1273
797,rajor blade_203.jpg,rajor blade,1387,1859,1794,2266
798,rajor blade_202.jpg,rajor blade,827,786,1402,1361
799,rajor blade_201.jpg,rajor blade,1277,1020,1842,1585
800,rajor blade_200.jpg,rajor blade,1534,1686,2099,2251
801,rajor blade_199.jpg,rajor blade,899,850,1464,1415
802,rajor blade_198.jpg,rajor blade,638,1135,1165,1662
803,rajor blade_197.jpg,rajor blade,1002,1541,1481,2020
804,rajor blade_196.jpg,rajor blade,132,1515,697,2080
805,rajor blade_195.jpg,rajor blade,434,1348,924,1838
806,rajor blade_194.jpg,rajor blade,1239,1459,1668,1888
807,rajor blade_193.jpg,rajor blade,1344,1798,1751,2205
808,rajor blade_192.jpg,rajor blade,1425,1062,1952,1589
809,rajor blade_191.jpg,rajor blade,638,1103,1215,1680
810,rajor blade_190.jpg,rajor blade,755,899,1250,1394
811,rajor blade_189.jpg,rajor blade,346,1630,923,2207
812,rajor blade_188.jpg,rajor blade,775,584,1242,1051
813,rajor blade_187.jpg,rajor blade,1234,248,1807,821
814,rajor blade_186.jpg,rajor blade,867,1581,1406,2120
815,rajor blade_185.jpg,rajor blade,1687,829,2128,1270
816,rajor blade_184.jpg,rajor blade,1402,1413,1925,1936
817,rajor blade_183.jpg,rajor blade,417,1209,992,1784
818,rajor blade_182.jpg,rajor blade,940,652,1467,1179
819,rajor blade_181.jpg,rajor blade,454,1258,1025,1829
820,rajor blade_180.jpg,rajor blade,647,1547,1166,2066
821,rajor blade_179.jpg,rajor blade,1550,528,2117,1095
822,rajor blade_178.jpg,rajor blade,759,332,1304,877
823,rajor blade_177.jpg,rajor blade,1133,1432,1628,1927
824,rajor blade_176.jpg,rajor blade,1452,278,2025,851
825,rajor blade_175.jpg,rajor blade,1072,1481,1480,1889
826,rajor blade_174.jpg,rajor blade,745,1817,1249,2321
827,rajor blade_173.jpg,rajor blade,1236,539,1793,1096
828,rajor blade_172.jpg,rajor blade,1075,1224,1558,1707
829,rajor blade_171.jpg,rajor blade,1345,704,1896,1255
830,rajor blade_170.jpg,rajor blade,1473,760,1986,1273
831,rajor blade_169.jpg,rajor blade,1363,525,1924,1086
832,rajor blade_168.jpg,rajor blade,1331,1820,1858,2347
833,rajor blade_167.jpg,rajor blade,1339,625,1914,1200
834,rajor blade_166.jpg,rajor blade,617,1924,1105,2412
835,rajor blade_165.jpg,rajor blade,621,1797,1160,2336
836,rajor blade_164.jpg,rajor blade,708,806,1243,1341
837,rajor blade_163.jpg,rajor blade,1444,1212,1933,1701
838,rajor blade_162.jpg,rajor blade,533,675,1068,1210
839,rajor blade_161.jpg,rajor blade,1208,647,1637,1076
840,rajor blade_160.jpg,rajor blade,1645,1415,2168,1938
841,rajor blade_159.jpg,rajor blade,184,1482,642,1940
842,rajor blade_158.jpg,rajor blade,896,1393,1423,1920
843,rajor blade_157.jpg,rajor blade,337,1688,810,2161
844,rajor blade_156.jpg,rajor blade,1535,1394,1970,1829
845,rajor blade_155.jpg,rajor blade,927,1054,1427,1554
846,rajor blade_154.jpg,rajor blade,697,1664,1180,2147
847,rajor blade_153.jpg,rajor blade,895,1622,1255,1982
848,rajor blade_152.jpg,rajor blade,919,342,1354,777
849,rajor blade_151.jpg,rajor blade,416,1408,924,1916
850,rajor blade_150.jpg,rajor blade,1760,1243,2201,1684
851,rajor blade_149.jpg,rajor blade,1555,1317,2063,1825
852,rajor blade_148.jpg,rajor blade,462,986,975,1499
853,rajor blade_147.jpg,rajor blade,167,1724,657,2214
854,rajor blade_146.jpg,rajor blade,1012,1176,1587,1751
855,rajor blade_145.jpg,rajor blade,1534,311,2044,821
856,rajor blade_144.jpg,rajor blade,1602,766,2101,1265
857,rajor blade_143.jpg,rajor blade,828,985,1383,1540
858,rajor blade_142.jpg,rajor blade,462,1037,985,1560
859,rajor blade_141.jpg,rajor blade,1164,628,1735,1199
860,rajor blade_140.jpg,rajor blade,869,1063,1446,1640
861,rajor blade_139.jpg,rajor blade,1017,1883,1500,2366
862,rajor blade_138.jpg,rajor blade,1589,1594,2056,2061
863,rajor blade_137.jpg,rajor blade,1659,1683,2066,2090
864,rajor blade_136.jpg,rajor blade,1072,2058,1533,2519
865,rajor blade_135.jpg,rajor blade,866,1461,1411,2006
866,rajor blade_134.jpg,rajor blade,888,1347,1367,1826
867,rajor blade_133.jpg,rajor blade,1516,791,2015,1290
868,rajor blade_132.jpg,rajor blade,213,1477,573,1837
869,rajor blade_131.jpg,rajor blade,1017,637,1572,1192
870,rajor blade_130.jpg,rajor blade,1257,665,1806,1214
871,rajor blade_129.jpg,rajor blade,1146,1025,1628,1507
872,rajor blade_128.jpg,rajor blade,722,626,1227,1131
873,rajor blade_127.jpg,rajor blade,957,750,1462,1255
874,rajor blade_126.jpg,rajor blade,1362,374,1937,949
875,rajor blade_125.jpg,rajor blade,887,1018,1464,1595
876,rajor blade_124.jpg,rajor blade,747,1115,1274,1642
877,rajor blade_123.jpg,rajor blade,832,1071,1306,1545
878,rajor blade_122.jpg,rajor blade,1313,1046,1872,1605
879,rajor blade_121.jpg,rajor blade,1542,221,2119,798
880,rajor blade_120.jpg,rajor blade,495,1088,956,1549
881,rajor blade_119.jpg,rajor blade,971,1567,1466,2062
882,rajor blade_118.jpg,rajor blade,1196,1430,1694,1928
883,rajor blade_117.jpg,rajor blade,286,1307,785,1806
884,rajor blade_116.jpg,rajor blade,882,1410,1433,1961
885,rajor blade_115.jpg,rajor blade,48,968,599,1519
886,rajor blade_114.jpg,rajor blade,1060,717,1583,1240
887,rajor blade_113.jpg,rajor blade,1437,1063,2004,1630
888,rajor blade_112.jpg,rajor blade,1397,1749,1821,2173
889,rajor blade_111.jpg,rajor blade,498,1764,948,2214
890,rajor blade_110.jpg,rajor blade,900,381,1473,954
891,rajor blade_109.jpg,rajor blade,999,779,1448,1228
892,rajor blade_108.jpg,rajor blade,693,416,1166,889
893,rajor blade_107.jpg,rajor blade,227,1725,682,2180
894,rajor blade_106.jpg,rajor blade,1584,1405,2051,1872
895,rajor blade_105.jpg,rajor blade,768,1809,1343,2384
896,rajor blade_104.jpg,rajor blade,668,1479,1147,1958
897,rajor blade_103.jpg,rajor blade,1329,315,1790,776
898,rajor blade_102.jpg,rajor blade,1524,421,1973,870
899,rajor blade_101.jpg,rajor blade,289,992,784,1487
900,rajor blade_100.jpg,rajor blade,767,958,1266,1457
901,rajor blade_99.jpg,rajor blade,772,845,1132,1205
902,rajor blade_98.jpg,rajor blade,1709,873,2164,1328
903,rajor blade_97.jpg,rajor blade,798,1913,1248,2363
904,rajor blade_96.jpg,rajor blade,1149,353,1584,788
905,rajor blade_95.jpg,rajor blade,1084,1954,1639,2509
906,rajor blade_94.jpg,rajor blade,1048,1565,1472,1989
907,rajor blade_93.jpg,rajor blade,1464,784,1905,1225
908,rajor blade_92.jpg,rajor blade,711,1339,1126,1754
909,rajor blade_91.jpg,rajor blade,1295,1655,1730,2090
910,rajor blade_90.jpg,rajor blade,1351,538,1870,1057
911,rajor blade_89.jpg,rajor blade,68,1447,581,1960
912,rajor blade_88.jpg,rajor blade,868,1779,1354,2265
913,rajor blade_87.jpg,rajor blade,681,1582,1088,1989
914,rajor blade_86.jpg,rajor blade,645,684,1080,1119
915,rajor blade_85.jpg,rajor blade,1159,673,1730,1244
916,rajor blade_84.jpg,rajor blade,251,1084,822,1655
917,rajor blade_83.jpg,rajor blade,467,1624,1022,2179
918,rajor blade_82.jpg,rajor blade,1074,815,1613,1354
919,rajor blade_81.jpg,rajor blade,1463,1844,2024,2405
920,rajor blade_80.jpg,rajor blade,182,1205,733,1756
921,rajor blade_79.jpg,rajor blade,1092,1654,1590,2152
922,rajor blade_78.jpg,rajor blade,1508,456,2002,950
923,rajor blade_77.jpg,rajor blade,1338,245,1793,700
924,rajor blade_76.jpg,rajor blade,936,1496,1391,1951
925,rajor blade_75.jpg,rajor blade,1531,562,1952,983
926,rajor blade_74.jpg,rajor blade,459,1664,1018,2223
927,rajor blade_73.jpg,rajor blade,1238,980,1720,1462
928,rajor blade_72.jpg,rajor blade,1665,1392,2163,1890
929,rajor blade_71.jpg,rajor blade,1099,778,1517,1196
930,rajor blade_70.jpg,rajor blade,260,1321,675,1736
931,rajor blade_69.jpg,rajor blade,471,792,1040,1361
932,rajor blade_68.jpg,rajor blade,422,1080,871,1529
933,rajor blade_67.jpg,rajor blade,727,866,1304,1443
934,rajor blade_66.jpg,rajor blade,713,1384,1290,1961
935,rajor blade_65.jpg,rajor blade,1456,394,1955,893
936,rajor blade_64.jpg,rajor blade,772,334,1341,903
937,rajor blade_63.jpg,rajor blade,808,1014,1307,1513
938,rajor blade_62.jpg,rajor blade,1311,1171,1729,1589
939,rajor blade_61.jpg,rajor blade,1145,1172,1722,1749
940,rajor blade_60.jpg,rajor blade,1151,972,1720,1541
941,rajor blade_59.jpg,rajor blade,566,1614,1125,2173
942,rajor blade_58.jpg,rajor blade,1456,1232,1935,1711
943,rajor blade_57.jpg,rajor blade,1705,610,2146,1051
944,rajor blade_56.jpg,rajor blade,1392,1213,1813,1634
945,rajor blade_55.jpg,rajor blade,788,642,1329,1183
946,rajor blade_54.jpg,rajor blade,354,1565,911,2122
947,rajor blade_53.jpg,rajor blade,1092,1558,1669,2135
948,rajor blade_52.jpg,rajor blade,1011,435,1572,996
949,rajor blade_51.jpg,rajor blade,487,1259,1028,1800
950,rajor blade_50.jpg,rajor blade,1699,433,2198,932
951,rajor blade_49.jpg,rajor blade,1577,781,2059,1263
952,rajor blade_48.jpg,rajor blade,1190,1768,1651,2229
953,rajor blade_47.jpg,rajor blade,668,1597,1173,2102
954,rajor blade_46.jpg,rajor blade,1124,1181,1565,1622
955,rajor blade_45.jpg,rajor blade,1210,729,1783,1302
956,rajor blade_44.jpg,rajor blade,832,980,1407,1555
957,rajor blade_43.jpg,rajor blade,1096,1021,1537,1462
958,rajor blade_42.jpg,rajor blade,1600,1262,2175,1837
959,rajor blade_41.jpg,rajor blade,924,1473,1422,1971
960,rajor blade_40.jpg,rajor blade,785,993,1354,1562
961,rajor blade_39.jpg,rajor blade,1390,738,1963,1311
962,rajor blade_38.jpg,rajor blade,838,961,1305,1428
963,rajor blade_37.jpg,rajor blade,1447,669,1908,1130
964,rajor blade_36.jpg,rajor blade,1527,706,2068,1247
965,rajor blade_35.jpg,rajor blade,1101,898,1556,1353
966,rajor blade_34.jpg,rajor blade,1459,1707,1948,2196
967,rajor blade_33.jpg,rajor blade,76,1729,581,2234
968,rajor blade_32.jpg,rajor blade,1154,1345,1681,1872
969,rajor blade_31.jpg,rajor blade,1165,537,1572,944
970,rajor blade_30.jpg,rajor blade,821,1633,1382,2194
971,rajor blade_29.jpg,rajor blade,1429,389,1960,920
972,rajor blade_28.jpg,rajor blade,511,1207,1086,1782
973,rajor blade_27.jpg,rajor blade,226,1442,745,1961
974,rajor blade_26.jpg,rajor blade,5,1162,540,1697
975,rajor blade_25.jpg,rajor blade,377,1415,818,1856
976,rajor blade_24.jpg,rajor blade,841,1432,1386,1977
977,rajor blade_23.jpg,rajor blade,1200,1828,1773,2401
978,rajor blade_22.jpg,rajor blade,1232,933,1773,1474
979,rajor blade_21.jpg,rajor blade,1104,364,1671,931
980,rajor blade_20.jpg,rajor blade,423,856,998,1431
981,rajor blade_19.jpg,rajor blade,1485,1841,1900,2256
982,rajor blade_18.jpg,rajor blade,1026,1773,1595,2342
983,rajor blade_17.jpg,rajor blade,525,1353,1035,1863
984,rajor blade_16.jpg,rajor blade,1400,972,1971,1543
985,rajor blade_15.jpg,rajor blade,1124,1819,1619,2314
986,rajor blade_14.jpg,rajor blade,1686,1200,2186,1700
987,rajor blade_13.jpg,rajor blade,643,1130,1174,1661
988,rajor blade_12.jpg,rajor blade,31,1494,608,2071
989,rajor blade_11.jpg,rajor blade,440,607,975,1142
990,rajor blade_10.jpg,rajor blade,612,1669,1091,2148
991,rajor blade_9.jpg,rajor blade,456,826,1013,1383
992,rajor blade_8.jpg,rajor blade,1074,1182,1645,1753
993,rajor blade_7.jpg,rajor blade,218,1382,660,1824
994,rajor blade_6.jpg,rajor blade,1095,1346,1502,1753
995,rajor blade_5.jpg,rajor blade,809,1131,1216,1538
996,rajor blade_4.jpg,rajor blade,1270,471,1783,984
997,rajor blade_3.jpg,rajor blade,1214,1534,1745,2065
998,rajor blade_2.jpg,rajor blade,72,939,493,1360
999,rajor blade_1.jpg,rajor blade,1376,1261,1953,1838
1000,shuriken_500.jpg,shuriken,320,1254,1331,2265
1001,shuriken_499.jpg,shuriken,487,1050,1434,1997
1002,shuriken_498.jpg,shuriken,887,618,1972,1703
1003,shuriken_497.jpg,shuriken,218,636,1433,1851
1004,shuriken_496.jpg,shuriken,344,783,1509,1948
1005,shuriken_495.jpg,shuriken,1296,1024,2201,1929
1006,shuriken_494.jpg,shuriken,580,1096,1751,2267
1007,shuriken_493.jpg,shuriken,668,717,1869,1918
1008,shuriken_492.jpg,shuriken,980,930,2197,2147
1009,shuriken_491.jpg,shuriken,1036,888,2131,1983
1010,shuriken_490.jpg,shuriken,643,260,1860,1477
1011,shuriken_489.jpg,shuriken,886,352,2069,1535
1012,shuriken_488.jpg,shuriken,611,1441,1516,2346
1013,shuriken_487.jpg,shuriken,1200,387,2105,1292
1014,shuriken_486.jpg,shuriken,807,892,1806,1891
1015,shuriken_485.jpg,shuriken,693,981,1886,2174
1016,shuriken_484.jpg,shuriken,412,1010,1629,2227
1017,shuriken_483.jpg,shuriken,793,394,2012,1613
1018,shuriken_482.jpg,shuriken,227,701,1410,1884
1019,shuriken_481.jpg,shuriken,579,521,1634,1576
1020,shuriken_480.jpg,shuriken,186,1185,1363,2362
1021,shuriken_479.jpg,shuriken,948,172,2167,1391
1022,shuriken_478.jpg,shuriken,856,1050,2021,2215
1023,shuriken_477.jpg,shuriken,971,798,2136,1963
1024,shuriken_476.jpg,shuriken,402,1178,1531,2307
1025,shuriken_475.jpg,shuriken,548,786,1669,1907
1026,shuriken_474.jpg,shuriken,945,461,2160,1676
1027,shuriken_473.jpg,shuriken,736,1113,1929,2306
1028,shuriken_472.jpg,shuriken,1026,825,1959,1758
1029,shuriken_471.jpg,shuriken,631,651,1784,1804
1030,shuriken_470.jpg,shuriken,516,775,1699,1958
1031,shuriken_469.jpg,shuriken,355,1039,1354,2038
1032,shuriken_468.jpg,shuriken,751,1136,1934,2319
1033,shuriken_467.jpg,shuriken,539,1047,1526,2034
1034,shuriken_466.jpg,shuriken,196,1061,1411,2276
1035,shuriken_465.jpg,shuriken,691,657,1908,1874
1036,shuriken_464.jpg,shuriken,750,352,1947,1549
1037,shuriken_463.jpg,shuriken,671,483,1776,1588
1038,shuriken_462.jpg,shuriken,657,255,1866,1464
1039,shuriken_461.jpg,shuriken,1013,575,2172,1734
1040,shuriken_460.jpg,shuriken,662,1144,1757,2239
1041,shuriken_459.jpg,shuriken,441,898,1440,1897
1042,shuriken_458.jpg,shuriken,616,1001,1693,2078
1043,shuriken_457.jpg,shuriken,697,865,1916,2084
1044,shuriken_456.jpg,shuriken,633,1417,1656,2440
1045,shuriken_455.jpg,shuriken,681,732,1874,1925
1046,shuriken_454.jpg,shuriken,382,1303,1467,2388
1047,shuriken_453.jpg,shuriken,774,1145,1945,2316
1048,shuriken_452.jpg,shuriken,881,909,2098,2126
1049,shuriken_451.jpg,shuriken,167,1033,1354,2220
1050,shuriken_450.jpg,shuriken,841,1232,1936,2327
1051,shuriken_449.jpg,shuriken,296,813,1511,2028
1052,shuriken_448.jpg,shuriken,67,1325,1244,2502
1053,shuriken_447.jpg,shuriken,350,1040,1567,2257
1054,shuriken_446.jpg,shuriken,588,341,1701,1454
1055,shuriken_445.jpg,shuriken,305,877,1338,1910
1056,shuriken_444.jpg,shuriken,489,971,1692,2174
1057,shuriken_443.jpg,shuriken,277,1213,1460,2396
1058,shuriken_442.jpg,shuriken,1100,800,1991,1691
1059,shuriken_441.jpg,shuriken,457,871,1650,2064
1060,shuriken_440.jpg,shuriken,747,1237,1770,2260
1061,shuriken_439.jpg,shuriken,852,1038,2017,2203
1062,shuriken_438.jpg,shuriken,490,528,1661,1699
1063,shuriken_437.jpg,shuriken,843,1204,2002,2363
1064,shuriken_436.jpg,shuriken,684,958,1805,2079
1065,shuriken_435.jpg,shuriken,1012,927,2165,2080
1066,shuriken_434.jpg,shuriken,373,1039,1450,2116
1067,shuriken_433.jpg,shuriken,609,827,1746,1964
1068,shuriken_432.jpg,shuriken,334,718,1463,1847
1069,shuriken_431.jpg,shuriken,766,1100,1937,2271
1070,shuriken_430.jpg,shuriken,975,854,2128,2007
1071,shuriken_429.jpg,shuriken,842,547,2035,1740
1072,shuriken_428.jpg,shuriken,160,614,1375,1829
1073,shuriken_427.jpg,shuriken,766,1169,1975,2378
1074,shuriken_426.jpg,shuriken,368,1245,1355,2232
1075,shuriken_425.jpg,shuriken,667,771,1700,1804
1076,shuriken_424.jpg,shuriken,963,1421,2028,2486
1077,shuriken_423.jpg,shuriken,544,555,1491,1502
1078,shuriken_422.jpg,shuriken,567,1199,1458,2090
1079,shuriken_421.jpg,shuriken,631,710,1848,1927
1080,shuriken_420.jpg,shuriken,524,621,1401,1498
1081,shuriken_419.jpg,shuriken,511,685,1624,1798
1082,shuriken_418.jpg,shuriken,697,382,1782,1467
1083,shuriken_417.jpg,shuriken,980,314,1967,1301
1084,shuriken_416.jpg,shuriken,888,1164,2103,2379
1085,shuriken_415.jpg,shuriken,1003,955,2088,2040
1086,shuriken_414.jpg,shuriken,207,842,1404,2039
1087,shuriken_413.jpg,shuriken,653,1346,1830,2523
1088,shuriken_412.jpg,shuriken,481,1104,1678,2301
1089,shuriken_411.jpg,shuriken,411,836,1358,1783
1090,shuriken_410.jpg,shuriken,411,805,1434,1828
1091,shuriken_409.jpg,shuriken,525,694,1744,1913
1092,shuriken_408.jpg,shuriken,1234,1238,2153,2157
1093,shuriken_407.jpg,shuriken,694,470,1739,1515
1094,shuriken_406.jpg,shuriken,576,515,1729,1668
1095,shuriken_405.jpg,shuriken,1126,1160,2087,2121
1096,shuriken_404.jpg,shuriken,369,1113,1540,2284
1097,shuriken_403.jpg,shuriken,1003,839,2190,2026
1098,shuriken_402.jpg,shuriken,1103,1046,2188,2131
1099,shuriken_401.jpg,shuriken,1049,1116,1954,2021
1100,shuriken_400.jpg,shuriken,923,1156,2094,2327
1101,shuriken_399.jpg,shuriken,789,727,2000,1938
1102,shuriken_398.jpg,shuriken,806,966,1977,2137
1103,shuriken_397.jpg,shuriken,1059,752,2092,1785
1104,shuriken_396.jpg,shuriken,536,1422,1547,2433
1105,shuriken_395.jpg,shuriken,274,563,1491,1780
1106,shuriken_394.jpg,shuriken,765,1092,1670,1997
1107,shuriken_393.jpg,shuriken,671,347,1792,1468
1108,shuriken_392.jpg,shuriken,393,715,1458,1780
1109,shuriken_391.jpg,shuriken,574,1186,1789,2401
1110,shuriken_390.jpg,shuriken,773,1393,1760,2380
1111,shuriken_389.jpg,shuriken,958,533,1991,1566
1112,shuriken_388.jpg,shuriken,1208,194,2113,1099
1113,shuriken_387.jpg,shuriken,354,602,1409,1657
1114,shuriken_386.jpg,shuriken,487,325,1706,1544
1115,shuriken_385.jpg,shuriken,965,328,2142,1505
1116,shuriken_384.jpg,shuriken,1026,247,2081,1302
1117,shuriken_383.jpg,shuriken,201,727,1420,1946
1118,shuriken_382.jpg,shuriken,683,413,1778,1508
1119,shuriken_381.jpg,shuriken,501,1374,1586,2459
1120,shuriken_380.jpg,shuriken,979,237,2162,1420
1121,shuriken_379.jpg,shuriken,767,794,1968,1995
1122,shuriken_378.jpg,shuriken,780,315,1957,1492
1123,shuriken_377.jpg,shuriken,660,966,1843,2149
1124,shuriken_376.jpg,shuriken,1054,1098,2119,2163
1125,shuriken_375.jpg,shuriken,159,1405,1120,2366
1126,shuriken_374.jpg,shuriken,911,496,2130,1715
1127,shuriken_373.jpg,shuriken,939,474,1972,1507
1128,shuriken_372.jpg,shuriken,430,864,1589,2023
1129,shuriken_371.jpg,shuriken,966,221,2153,1408
1130,shuriken_370.jpg,shuriken,1011,1034,2182,2205
1131,shuriken_369.jpg,shuriken,686,584,1839,1737
1132,shuriken_368.jpg,shuriken,367,791,1584,2008
1133,shuriken_367.jpg,shuriken,408,717,1579,1888
1134,shuriken_366.jpg,shuriken,312,1027,1335,2050
1135,shuriken_365.jpg,shuriken,542,608,1729,1795
1136,shuriken_364.jpg,shuriken,487,506,1460,1479
1137,shuriken_363.jpg,shuriken,523,520,1740,1737
1138,shuriken_362.jpg,shuriken,751,734,1750,1733
1139,shuriken_361.jpg,shuriken,907,1269,2052,2414
1140,shuriken_360.jpg,shuriken,703,1150,1840,2287
1141,shuriken_359.jpg,shuriken,419,1073,1324,1978
1142,shuriken_358.jpg,shuriken,321,998,1398,2075
1143,shuriken_357.jpg,shuriken,946,715,2139,1908
1144,shuriken_356.jpg,shuriken,699,439,1754,1494
1145,shuriken_355.jpg,shuriken,548,515,1713,1680
1146,shuriken_354.jpg,shuriken,714,919,1931,2136
1147,shuriken_353.jpg,shuriken,857,643,2072,1858
1148,shuriken_352.jpg,shuriken,264,677,1475,1888
1149,shuriken_351.jpg,shuriken,942,909,2157,2124
1150,shuriken_350.jpg,shuriken,1314,576,2205,1467
1151,shuriken_349.jpg,shuriken,818,339,2025,1546
1152,shuriken_348.jpg,shuriken,672,224,1883,1435
1153,shuriken_347.jpg,shuriken,954,894,2059,1999
1154,shuriken_346.jpg,shuriken,949,906,1882,1839
1155,shuriken_345.jpg,shuriken,366,695,1495,1824
1156,shuriken_344.jpg,shuriken,944,886,2097,2039
1157,shuriken_343.jpg,shuriken,791,868,1752,1829
1158,shuriken_342.jpg,shuriken,893,800,2110,2017
1159,shuriken_341.jpg,shuriken,960,912,1933,1885
1160,shuriken_340.jpg,shuriken,920,1155,1931,2166
1161,shuriken_339.jpg,shuriken,395,1163,1272,2040
1162,shuriken_338.jpg,shuriken,806,1192,1793,2179
1163,shuriken_337.jpg,shuriken,207,1047,1360,2200
1164,shuriken_336.jpg,shuriken,105,824,1078,1797
1165,shuriken_335.jpg,shuriken,409,943,1586,2120
1166,shuriken_334.jpg,shuriken,715,520,1852,1657
1167,shuriken_333.jpg,shuriken,667,1136,1654,2123
1168,shuriken_332.jpg,shuriken,930,413,2149,1632
1169,shuriken_331.jpg,shuriken,1091,1127,2010,2046
1170,shuriken_330.jpg,shuriken,491,453,1636,1598
1171,shuriken_329.jpg,shuriken,170,1011,1363,2204
1172,shuriken_328.jpg,shuriken,858,667,2075,1884
1173,shuriken_327.jpg,shuriken,432,795,1649,2012
1174,shuriken_326.jpg,shuriken,1083,478,2044,1439
1175,shuriken_325.jpg,shuriken,724,542,1819,1637
1176,shuriken_324.jpg,shuriken,1173,369,2196,1392
1177,shuriken_323.jpg,shuriken,476,630,1553,1707
1178,shuriken_322.jpg,shuriken,830,1160,2013,2343
1179,shuriken_321.jpg,shuriken,260,852,1405,1997
1180,shuriken_320.jpg,shuriken,1162,377,2185,1400
1181,shuriken_319.jpg,shuriken,959,919,2130,2090
1182,shuriken_318.jpg,shuriken,476,807,1449,1780
1183,shuriken_317.jpg,shuriken,866,453,2075,1662
1184,shuriken_316.jpg,shuriken,627,544,1798,1715
1185,shuriken_315.jpg,shuriken,762,443,1949,1630
1186,shuriken_314.jpg,shuriken,607,1028,1662,2083
1187,shuriken_313.jpg,shuriken,315,865,1428,1978
1188,shuriken_312.jpg,shuriken,192,1052,1395,2255
1189,shuriken_311.jpg,shuriken,935,348,2072,1485
1190,shuriken_310.jpg,shuriken,713,1234,1924,2445
1191,shuriken_309.jpg,shuriken,737,914,1760,1937
1192,shuriken_308.jpg,shuriken,1088,867,2021,1800
1193,shuriken_307.jpg,shuriken,254,757,1265,1768
1194,shuriken_306.jpg,shuriken,195,656,1354,1815
1195,shuriken_305.jpg,shuriken,800,1105,1747,2052
1196,shuriken_304.jpg,shuriken,623,1101,1514,1992
1197,shuriken_303.jpg,shuriken,651,414,1772,1535
1198,shuriken_302.jpg,shuriken,1125,1050,2072,1997
1199,shuriken_301.jpg,shuriken,984,339,1861,1216
1200,shuriken_300.jpg,shuriken,592,1092,1669,2169
1201,shuriken_299.jpg,shuriken,599,797,1758,1956
1202,shuriken_298.jpg,shuriken,996,754,2173,1931
1203,shuriken_297.jpg,shuriken,507,909,1722,2124
1204,shuriken_296.jpg,shuriken,984,294,2113,1423
1205,shuriken_295.jpg,shuriken,298,1150,1485,2337
1206,shuriken_294.jpg,shuriken,1005,764,1978,1737
1207,shuriken_293.jpg,shuriken,400,805,1571,1976
1208,shuriken_292.jpg,shuriken,799,912,2000,2113
1209,shuriken_291.jpg,shuriken,927,1024,2130,2227
1210,shuriken_290.jpg,shuriken,347,1373,1358,2384
1211,shuriken_289.jpg,shuriken,756,611,1703,1558
1212,shuriken_288.jpg,shuriken,39,1241,1160,2362
1213,shuriken_287.jpg,shuriken,704,1032,1921,2249
1214,shuriken_286.jpg,shuriken,1114,1258,2137,2281
1215,shuriken_285.jpg,shuriken,1099,577,2004,1482
1216,shuriken_284.jpg,shuriken,1099,864,2184,1949
1217,shuriken_283.jpg,shuriken,986,655,2187,1856
1218,shuriken_282.jpg,shuriken,55,1168,1270,2383
1219,shuriken_281.jpg,shuriken,921,755,2098,1932
1220,shuriken_280.jpg,shuriken,201,812,1412,2023
1221,shuriken_279.jpg,shuriken,480,886,1565,1971
1222,shuriken_278.jpg,shuriken,640,230,1847,1437
1223,shuriken_277.jpg,shuriken,528,576,1699,1747
1224,shuriken_276.jpg,shuriken,560,938,1719,2097
1225,shuriken_275.jpg,shuriken,407,606,1520,1719
1226,shuriken_274.jpg,shuriken,273,1603,1150,2480
1227,shuriken_273.jpg,shuriken,305,1284,1442,2421
1228,shuriken_272.jpg,shuriken,228,846,1439,2057
1229,shuriken_271.jpg,shuriken,614,677,1691,1754
1230,shuriken_270.jpg,shuriken,516,464,1703,1651
1231,shuriken_269.jpg,shuriken,732,807,1941,2016
1232,shuriken_268.jpg,shuriken,303,769,1514,1980
1233,shuriken_267.jpg,shuriken,249,1100,1408,2259
1234,shuriken_266.jpg,shuriken,368,956,1579,2167
1235,shuriken_265.jpg,shuriken,731,775,1776,1820
1236,shuriken_264.jpg,shuriken,704,1370,1581,2247
1237,shuriken_263.jpg,shuriken,337,1439,1214,2316
1238,shuriken_262.jpg,shuriken,813,634,1984,1805
1239,shuriken_261.jpg,shuriken,237,570,1366,1699
1240,shuriken_260.jpg,shuriken,265,700,1476,1911
1241,shuriken_259.jpg,shuriken,916,411,1949,1444
1242,shuriken_258.jpg,shuriken,222,964,1335,2077
1243,shuriken_257.jpg,shuriken,291,1053,1368,2130
1244,shuriken_256.jpg,shuriken,446,777,1633,1964
1245,shuriken_255.jpg,shuriken,836,1395,1949,2508
1246,shuriken_254.jpg,shuriken,723,974,1642,1893
1247,shuriken_253.jpg,shuriken,644,1105,1677,2138
1248,shuriken_252.jpg,shuriken,596,328,1755,1487
1249,shuriken_251.jpg,shuriken,425,876,1578,2029
1250,shuriken_250.jpg,shuriken,635,721,1748,1834
1251,shuriken_249.jpg,shuriken,616,378,1535,1297
1252,shuriken_248.jpg,shuriken,605,585,1552,1532
1253,shuriken_247.jpg,shuriken,697,545,1916,1764
1254,shuriken_246.jpg,shuriken,1015,452,2180,1617
1255,shuriken_245.jpg,shuriken,743,961,1742,1960
1256,shuriken_244.jpg,shuriken,979,596,2196,1813
1257,shuriken_243.jpg,shuriken,805,800,1792,1787
1258,shuriken_242.jpg,shuriken,129,885,1162,1918
1259,shuriken_241.jpg,shuriken,454,997,1559,2102
1260,shuriken_240.jpg,shuriken,987,281,2116,1410
1261,shuriken_239.jpg,shuriken,647,1036,1840,2229
1262,shuriken_238.jpg,shuriken,832,1072,1917,2157
1263,shuriken_237.jpg,shuriken,500,872,1693,2065
1264,shuriken_236.jpg,shuriken,326,1073,1299,2046
1265,shuriken_235.jpg,shuriken,1176,786,2081,1691
1266,shuriken_234.jpg,shuriken,939,1351,2024,2436
1267,shuriken_233.jpg,shuriken,1053,803,2098,1848
1268,shuriken_232.jpg,shuriken,814,904,1997,2087
1269,shuriken_231.jpg,shuriken,680,894,1839,2053
1270,shuriken_230.jpg,shuriken,672,424,1881,1633
1271,shuriken_229.jpg,shuriken,724,745,1941,1962
1272,shuriken_228.jpg,shuriken,791,748,1668,1625
1273,shuriken_227.jpg,shuriken,892,237,2037,1382
1274,shuriken_226.jpg,shuriken,808,656,2017,1865
1275,shuriken_225.jpg,shuriken,899,509,1790,1400
1276,shuriken_224.jpg,shuriken,907,1204,2036,2333
1277,shuriken_223.jpg,shuriken,99,945,1220,2066
1278,shuriken_222.jpg,shuriken,130,741,1207,1818
1279,shuriken_221.jpg,shuriken,357,1029,1452,2124
1280,shuriken_220.jpg,shuriken,927,588,2136,1797
1281,shuriken_219.jpg,shuriken,1146,1226,2065,2145
1282,shuriken_218.jpg,shuriken,887,1018,2000,2131
1283,shuriken_217.jpg,shuriken,361,941,1548,2128
1284,shuriken_216.jpg,shuriken,252,850,1157,1755
1285,shuriken_215.jpg,shuriken,275,931,1486,2142
1286,shuriken_214.jpg,shuriken,892,227,1769,1104
1287,shuriken_213.jpg,shuriken,271,777,1336,1842
1288,shuriken_212.jpg,shuriken,469,721,1582,1834
1289,shuriken_211.jpg,shuriken,1090,591,1995,1496
1290,shuriken_210.jpg,shuriken,1030,806,2143,1919
1291,shuriken_209.jpg,shuriken,985,368,2122,1505
1292,shuriken_208.jpg,shuriken,867,1482,1786,2401
1293,shuriken_207.jpg,shuriken,843,930,1988,2075
1294,shuriken_206.jpg,shuriken,963,695,2076,1808
1295,shuriken_205.jpg,shuriken,322,973,1435,2086
1296,shuriken_204.jpg,shuriken,291,1238,1468,2415
1297,shuriken_203.jpg,shuriken,49,806,1266,2023
1298,shuriken_202.jpg,shuriken,903,259,2016,1372
1299,shuriken_201.jpg,shuriken,479,661,1624,1806
1300,shuriken_200.jpg,shuriken,1134,1360,2011,2237
1301,shuriken_199.jpg,shuriken,799,988,1928,2117
1302,shuriken_198.jpg,shuriken,387,1380,1360,2353
1303,shuriken_197.jpg,shuriken,742,833,1957,2048
1304,shuriken_196.jpg,shuriken,939,368,2068,1497
1305,shuriken_195.jpg,shuriken,649,799,1846,1996
1306,shuriken_194.jpg,shuriken,142,1002,1361,2221
1307,shuriken_193.jpg,shuriken,575,485,1740,1650
1308,shuriken_192.jpg,shuriken,903,784,1998,1879
1309,shuriken_191.jpg,shuriken,491,595,1698,1802
1310,shuriken_190.jpg,shuriken,981,838,2188,2045
1311,shuriken_189.jpg,shuriken,458,719,1645,1906
1312,shuriken_188.jpg,shuriken,413,645,1596,1828
1313,shuriken_187.jpg,shuriken,213,1226,1414,2427
1314,shuriken_186.jpg,shuriken,221,1055,1428,2262
1315,shuriken_185.jpg,shuriken,1136,369,2191,1424
1316,shuriken_184.jpg,shuriken,1118,1236,2023,2141
1317,shuriken_183.jpg,shuriken,332,1008,1551,2227
1318,shuriken_182.jpg,shuriken,901,358,2094,1551
1319,shuriken_181.jpg,shuriken,788,821,2007,2040
1320,shuriken_180.jpg,shuriken,923,474,2106,1657
1321,shuriken_179.jpg,shuriken,391,1324,1338,2271
1322,shuriken_178.jpg,shuriken,862,692,2033,1863
1323,shuriken_177.jpg,shuriken,310,1121,1455,2266
1324,shuriken_176.jpg,shuriken,59,957,964,1862
1325,shuriken_175.jpg,shuriken,881,593,2058,1770
1326,shuriken_174.jpg,shuriken,987,754,2072,1839
1327,shuriken_173.jpg,shuriken,653,574,1872,1793
1328,shuriken_172.jpg,shuriken,169,698,1180,1709
1329,shuriken_171.jpg,shuriken,276,881,1361,1966
1330,shuriken_170.jpg,shuriken,420,706,1541,1827
1331,shuriken_169.jpg,shuriken,975,238,2146,1409
1332,shuriken_168.jpg,shuriken,1161,441,2172,1452
1333,shuriken_167.jpg,shuriken,614,256,1811,1453
1334,shuriken_166.jpg,shuriken,952,323,2037,1408
1335,shuriken_165.jpg,shuriken,159,592,1360,1793
1336,shuriken_164.jpg,shuriken,460,1005,1679,2224
1337,shuriken_163.jpg,shuriken,579,446,1794,1661
1338,shuriken_162.jpg,shuriken,1295,596,2156,1457
1339,shuriken_161.jpg,shuriken,674,717,1565,1608
1340,shuriken_160.jpg,shuriken,461,981,1556,2076
1341,shuriken_159.jpg,shuriken,284,1103,1361,2180
1342,shuriken_158.jpg,shuriken,799,1038,1958,2197
1343,shuriken_157.jpg,shuriken,976,371,2041,1436
1344,shuriken_156.jpg,shuriken,723,922,1888,2087
1345,shuriken_155.jpg,shuriken,500,842,1577,1919
1346,shuriken_154.jpg,shuriken,772,943,1975,2146
1347,shuriken_153.jpg,shuriken,412,667,1435,1690
1348,shuriken_152.jpg,shuriken,347,552,1468,1673
1349,shuriken_151.jpg,shuriken,331,1094,1546,2309
1350,shuriken_150.jpg,shuriken,822,608,1917,1703
1351,shuriken_149.jpg,shuriken,726,388,1935,1597
1352,shuriken_148.jpg,shuriken,923,980,2044,2101
1353,shuriken_147.jpg,shuriken,1262,915,2195,1848
1354,shuriken_146.jpg,shuriken,400,974,1615,2189
1355,shuriken_145.jpg,shuriken,906,920,2115,2129
1356,shuriken_144.jpg,shuriken,570,910,1735,2075
1357,shuriken_143.jpg,shuriken,1105,1565,1966,2426
1358,shuriken_142.jpg,shuriken,688,877,1903,2092
1359,shuriken_141.jpg,shuriken,942,218,2145,1421
1360,shuriken_140.jpg,shuriken,324,531,1229,1436
1361,shuriken_139.jpg,shuriken,298,1280,1383,2365
1362,shuriken_138.jpg,shuriken,674,1340,1719,2385
1363,shuriken_137.jpg,shuriken,739,445,1950,1656
1364,shuriken_136.jpg,shuriken,519,371,1480,1332
1365,shuriken_135.jpg,shuriken,1081,618,1958,1495
1366,shuriken_134.jpg,shuriken,261,751,1462,1952
1367,shuriken_133.jpg,shuriken,431,1049,1476,2094
1368,shuriken_132.jpg,shuriken,721,529,1776,1584
1369,shuriken_131.jpg,shuriken,777,716,1992,1931
1370,shuriken_130.jpg,shuriken,797,1038,1688,1929
1371,shuriken_129.jpg,shuriken,43,908,920,1785
1372,shuriken_128.jpg,shuriken,713,447,1920,1654
1373,shuriken_127.jpg,shuriken,467,1446,1532,2511
1374,shuriken_126.jpg,shuriken,385,546,1304,1465
1375,shuriken_125.jpg,shuriken,636,684,1731,1779
1376,shuriken_124.jpg,shuriken,1070,1045,2175,2150
1377,shuriken_123.jpg,shuriken,438,822,1649,2033
1378,shuriken_122.jpg,shuriken,249,1086,1236,2073
1379,shuriken_121.jpg,shuriken,656,1212,1843,2399
1380,shuriken_120.jpg,shuriken,433,733,1586,1886
1381,shuriken_119.jpg,shuriken,328,610,1543,1825
1382,shuriken_118.jpg,shuriken,909,1110,1986,2187
1383,shuriken_117.jpg,shuriken,750,426,1863,1539
1384,shuriken_116.jpg,shuriken,875,393,2078,1596
1385,shuriken_115.jpg,shuriken,523,515,1730,1722
1386,shuriken_114.jpg,shuriken,274,1158,1387,2271
1387,shuriken_113.jpg,shuriken,380,763,1595,1978
1388,shuriken_112.jpg,shuriken,732,594,1947,1809
1389,shuriken_111.jpg,shuriken,936,884,2155,2103
1390,shuriken_110.jpg,shuriken,461,522,1434,1495
1391,shuriken_109.jpg,shuriken,910,685,2103,1878
1392,shuriken_108.jpg,shuriken,476,615,1673,1812
1393,shuriken_107.jpg,shuriken,1010,359,2021,1370
1394,shuriken_106.jpg,shuriken,831,458,1926,1553
1395,shuriken_105.jpg,shuriken,541,473,1654,1586
1396,shuriken_104.jpg,shuriken,689,964,1866,2141
1397,shuriken_103.jpg,shuriken,87,806,1304,2023
1398,shuriken_102.jpg,shuriken,915,1501,1776,2362
1399,shuriken_101.jpg,shuriken,659,511,1842,1694
1400,shuriken_100.jpg,shuriken,1049,769,2194,1914
1401,shuriken_99.jpg,shuriken,501,332,1718,1549
1402,shuriken_98.jpg,shuriken,924,1376,1857,2309
1403,shuriken_97.jpg,shuriken,514,888,1609,1983
1404,shuriken_96.jpg,shuriken,784,550,1661,1427
1405,shuriken_95.jpg,shuriken,494,1080,1589,2175
1406,shuriken_94.jpg,shuriken,273,1322,1418,2467
1407,shuriken_93.jpg,shuriken,1060,294,2181,1415
1408,shuriken_92.jpg,shuriken,695,797,1914,2016
1409,shuriken_91.jpg,shuriken,673,758,1866,1951
1410,shuriken_90.jpg,shuriken,837,1358,1848,2369
1411,shuriken_89.jpg,shuriken,990,851,2193,2054
1412,shuriken_88.jpg,shuriken,634,583,1843,1792
1413,shuriken_87.jpg,shuriken,752,405,1929,1582
1414,shuriken_86.jpg,shuriken,781,833,1984,2036
1415,shuriken_85.jpg,shuriken,403,757,1516,1870
1416,shuriken_84.jpg,shuriken,591,292,1806,1507
1417,shuriken_83.jpg,shuriken,477,1326,1532,2381
1418,shuriken_82.jpg,shuriken,949,752,1854,1657
1419,shuriken_81.jpg,shuriken,604,1144,1757,2297
1420,shuriken_80.jpg,shuriken,806,1137,1839,2170
1421,shuriken_79.jpg,shuriken,542,958,1515,1931
1422,shuriken_78.jpg,shuriken,572,802,1791,2021
1423,shuriken_77.jpg,shuriken,847,1122,1932,2207
1424,shuriken_76.jpg,shuriken,567,1022,1726,2181
1425,shuriken_75.jpg,shuriken,615,587,1802,1774
1426,shuriken_74.jpg,shuriken,564,1102,1709,2247
1427,shuriken_73.jpg,shuriken,423,951,1446,1974
1428,shuriken_72.jpg,shuriken,1081,977,2092,1988
1429,shuriken_71.jpg,shuriken,635,322,1720,1407
1430,shuriken_70.jpg,shuriken,631,627,1686,1682
1431,shuriken_69.jpg,shuriken,555,338,1720,1503
1432,shuriken_68.jpg,shuriken,866,642,1743,1519
1433,shuriken_67.jpg,shuriken,902,1090,1913,2101
1434,shuriken_66.jpg,shuriken,567,1250,1726,2409
1435,shuriken_65.jpg,shuriken,581,236,1686,1341
1436,shuriken_64.jpg,shuriken,518,379,1715,1576
1437,shuriken_63.jpg,shuriken,329,1192,1442,2305
1438,shuriken_62.jpg,shuriken,699,1212,1882,2395
1439,shuriken_61.jpg,shuriken,956,560,2109,1713
1440,shuriken_60.jpg,shuriken,176,778,1053,1655
1441,shuriken_59.jpg,shuriken,532,793,1735,1996
1442,shuriken_58.jpg,shuriken,426,534,1399,1507
1443,shuriken_57.jpg,shuriken,1020,710,2125,1815
1444,shuriken_56.jpg,shuriken,1157,571,2156,1570
1445,shuriken_55.jpg,shuriken,1005,866,1966,1827
1446,shuriken_54.jpg,shuriken,648,1183,1725,2260
1447,shuriken_53.jpg,shuriken,643,1456,1504,2317
1448,shuriken_52.jpg,shuriken,137,911,1028,1802
1449,shuriken_51.jpg,shuriken,486,986,1705,2205
1450,shuriken_50.jpg,shuriken,806,314,2009,1517
1451,shuriken_49.jpg,shuriken,237,825,1454,2042
1452,shuriken_48.jpg,shuriken,695,1282,1912,2499
1453,shuriken_47.jpg,shuriken,544,852,1621,1929
1454,shuriken_46.jpg,shuriken,770,763,1957,1950
1455,shuriken_45.jpg,shuriken,445,1016,1646,2217
1456,shuriken_44.jpg,shuriken,679,697,1784,1802
1457,shuriken_43.jpg,shuriken,347,569,1562,1784
1458,shuriken_42.jpg,shuriken,854,628,2055,1829
1459,shuriken_41.jpg,shuriken,226,1223,1443,2440
1460,shuriken_40.jpg,shuriken,350,942,1565,2157
1461,shuriken_39.jpg,shuriken,1149,1449,2172,2472
1462,shuriken_38.jpg,shuriken,964,1180,1987,2203
1463,shuriken_37.jpg,shuriken,582,984,1711,2113
1464,shuriken_36.jpg,shuriken,893,259,1948,1314
1465,shuriken_35.jpg,shuriken,973,761,2038,1826
1466,shuriken_34.jpg,shuriken,969,224,2034,1289
1467,shuriken_33.jpg,shuriken,440,949,1495,2004
1468,shuriken_32.jpg,shuriken,188,845,1397,2054
1469,shuriken_31.jpg,shuriken,289,901,1460,2072
1470,shuriken_30.jpg,shuriken,1056,1625,1961,2530
1471,shuriken_29.jpg,shuriken,238,754,1391,1907
1472,shuriken_28.jpg,shuriken,983,477,2200,1694
1473,shuriken_27.jpg,shuriken,725,1203,1630,2108
1474,shuriken_26.jpg,shuriken,945,385,1864,1304
1475,shuriken_25.jpg,shuriken,320,1388,1293,2361
1476,shuriken_24.jpg,shuriken,862,1317,1795,2250
1477,shuriken_23.jpg,shuriken,985,686,1946,1647
1478,shuriken_22.jpg,shuriken,806,510,1919,1623
1479,shuriken_21.jpg,shuriken,894,232,2109,1447
1480,shuriken_20.jpg,shuriken,804,1367,1899,2462
1481,shuriken_19.jpg,shuriken,951,876,2096,2021
1482,shuriken_18.jpg,shuriken,528,978,1715,2165
1483,shuriken_17.jpg,shuriken,840,804,2023,1987
1484,shuriken_16.jpg,shuriken,534,242,1481,1189
1485,shuriken_15.jpg,shuriken,763,1151,1908,2296
1486,shuriken_14.jpg,shuriken,202,1099,1403,2300
1487,shuriken_13.jpg,shuriken,547,1279,1612,2344
1488,shuriken_12.jpg,shuriken,699,333,1646,1280
1489,shuriken_11.jpg,shuriken,805,277,1998,1470
1490,shuriken_10.jpg,shuriken,258,644,1455,1841
1491,shuriken_9.jpg,shuriken,942,1036,1987,2081
1492,shuriken_8.jpg,shuriken,465,907,1662,2104
1493,shuriken_7.jpg,shuriken,794,610,2013,1829
1494,shuriken_6.jpg,shuriken,414,479,1615,1680
1495,shuriken_5.jpg,shuriken,259,776,1452,1969
1496,shuriken_4.jpg,shuriken,883,894,2092,2103
1497,shuriken_3.jpg,shuriken,607,852,1606,1851
1498,shuriken_2.jpg,shuriken,1117,562,2036,1481
1499,shuriken_1.jpg,shuriken,796,768,1729,1701
